[{"model": "admin.logentry", "pk": 1, "fields": {"action_time": "2024-09-04T22:30:09.124Z", "user": "b5d437fb-9ac0-4ab6-97a0-a4f45e837146", "content_type": 9, "object_id": "849609b6-83f7-4540-ba36-fa2887a1179b", "object_repr": "My First Recipe", "action_flag": 1, "change_message": "[{\"added\": {}}]"}}, {"model": "admin.logentry", "pk": 2, "fields": {"action_time": "2024-09-04T23:08:12.354Z", "user": "b5d437fb-9ac0-4ab6-97a0-a4f45e837146", "content_type": 9, "object_id": "d93e90da-88c9-4ba1-ac17-466e8f7a5426", "object_repr": "Next Post, Just trying a few recipes", "action_flag": 1, "change_message": "[{\"added\": {}}]"}}, {"model": "admin.logentry", "pk": 3, "fields": {"action_time": "2024-09-04T23:18:06.805Z", "user": "b5d437fb-9ac0-4ab6-97a0-a4f45e837146", "content_type": 9, "object_id": "3d803b77-8974-4565-93f1-205a86333429", "object_repr": "A new Recipe Post", "action_flag": 1, "change_message": "[{\"added\": {}}]"}}, {"model": "admin.logentry", "pk": 4, "fields": {"action_time": "2024-09-04T23:24:29.701Z", "user": "b5d437fb-9ac0-4ab6-97a0-a4f45e837146", "content_type": 9, "object_id": "dd50959a-b302-410a-86ce-e58e6d863719", "object_repr": "New post again and again", "action_flag": 1, "change_message": "[{\"added\": {}}]"}}, {"model": "admin.logentry", "pk": 5, "fields": {"action_time": "2024-09-04T23:32:23.835Z", "user": "b5d437fb-9ac0-4ab6-97a0-a4f45e837146", "content_type": 9, "object_id": "c2881aeb-3bb3-4a93-bb63-2766c1051b19", "object_repr": "New Post, and again!", "action_flag": 1, "change_message": "[{\"added\": {}}]"}}, {"model": "admin.logentry", "pk": 6, "fields": {"action_time": "2024-09-04T23:34:50.859Z", "user": "b5d437fb-9ac0-4ab6-97a0-a4f45e837146", "content_type": 9, "object_id": "49ccfee4-2cd1-4783-b366-757c4b96eda4", "object_repr": "New Post", "action_flag": 1, "change_message": "[{\"added\": {}}]"}}, {"model": "admin.logentry", "pk": 7, "fields": {"action_time": "2024-09-04T23:36:23.408Z", "user": "b5d437fb-9ac0-4ab6-97a0-a4f45e837146", "content_type": 9, "object_id": "cc1252d1-ddba-435a-ad5f-1525dee1a69b", "object_repr": "New Post Now!", "action_flag": 1, "change_message": "[{\"added\": {}}]"}}, {"model": "admin.logentry", "pk": 8, "fields": {"action_time": "2024-09-04T23:41:56.032Z", "user": "b5d437fb-9ac0-4ab6-97a0-a4f45e837146", "content_type": 9, "object_id": "d00d23fa-6faf-47ea-a951-874ce310664a", "object_repr": "yyyyyyyyyyyyyyyyyyyyyyyyy", "action_flag": 1, "change_message": "[{\"added\": {}}]"}}, {"model": "admin.logentry", "pk": 9, "fields": {"action_time": "2024-09-05T09:54:03.261Z", "user": "b5d437fb-9ac0-4ab6-97a0-a4f45e837146", "content_type": 9, "object_id": "d00d23fa-6faf-47ea-a951-874ce310664a", "object_repr": "yyyyyyyyyyyyyyyyyyyyyyyyy", "action_flag": 2, "change_message": "[{\"changed\": {\"fields\": [\"Likes\"]}}]"}}, {"model": "admin.logentry", "pk": 10, "fields": {"action_time": "2024-09-05T14:34:33.332Z", "user": "b5d437fb-9ac0-4ab6-97a0-a4f45e837146", "content_type": 9, "object_id": "d00d23fa-6faf-47ea-a951-874ce310664a", "object_repr": "Ingredients:\r\n\r\n2 cups long-grain rice (parboiled)\r\n1/4 cup vegetable oil\r\n1 medium onion (chopped)\r", "action_flag": 2, "change_message": "[{\"changed\": {\"fields\": [\"Title\", \"Short description\", \"Content\", \"Thumbnail\", \"Author\"]}}]"}}, {"model": "admin.logentry", "pk": 11, "fields": {"action_time": "2024-09-05T14:37:13.303Z", "user": "b5d437fb-9ac0-4ab6-97a0-a4f45e837146", "content_type": 9, "object_id": "dd50959a-b302-410a-86ce-e58e6d863719", "object_repr": "New post again and again", "action_flag": 3, "change_message": ""}}, {"model": "admin.logentry", "pk": 12, "fields": {"action_time": "2024-09-05T14:37:13.521Z", "user": "b5d437fb-9ac0-4ab6-97a0-a4f45e837146", "content_type": 9, "object_id": "d93e90da-88c9-4ba1-ac17-466e8f7a5426", "object_repr": "Next Post, Just trying a few recipes", "action_flag": 3, "change_message": ""}}, {"model": "admin.logentry", "pk": 13, "fields": {"action_time": "2024-09-05T14:37:13.811Z", "user": "b5d437fb-9ac0-4ab6-97a0-a4f45e837146", "content_type": 9, "object_id": "cc1252d1-ddba-435a-ad5f-1525dee1a69b", "object_repr": "New Post Now!", "action_flag": 3, "change_message": ""}}, {"model": "admin.logentry", "pk": 14, "fields": {"action_time": "2024-09-05T14:37:14.068Z", "user": "b5d437fb-9ac0-4ab6-97a0-a4f45e837146", "content_type": 9, "object_id": "c2881aeb-3bb3-4a93-bb63-2766c1051b19", "object_repr": "New Post, and again!", "action_flag": 3, "change_message": ""}}, {"model": "admin.logentry", "pk": 15, "fields": {"action_time": "2024-09-05T14:37:14.278Z", "user": "b5d437fb-9ac0-4ab6-97a0-a4f45e837146", "content_type": 9, "object_id": "849609b6-83f7-4540-ba36-fa2887a1179b", "object_repr": "My First Recipe", "action_flag": 3, "change_message": ""}}, {"model": "admin.logentry", "pk": 16, "fields": {"action_time": "2024-09-05T14:37:14.507Z", "user": "b5d437fb-9ac0-4ab6-97a0-a4f45e837146", "content_type": 9, "object_id": "49ccfee4-2cd1-4783-b366-757c4b96eda4", "object_repr": "New Post", "action_flag": 3, "change_message": ""}}, {"model": "admin.logentry", "pk": 17, "fields": {"action_time": "2024-09-05T14:37:14.773Z", "user": "b5d437fb-9ac0-4ab6-97a0-a4f45e837146", "content_type": 9, "object_id": "3d803b77-8974-4565-93f1-205a86333429", "object_repr": "A new Recipe Post", "action_flag": 3, "change_message": ""}}, {"model": "admin.logentry", "pk": 18, "fields": {"action_time": "2024-09-05T14:40:22.801Z", "user": "b5d437fb-9ac0-4ab6-97a0-a4f45e837146", "content_type": 9, "object_id": "50a2aa0e-b7f8-4c07-987e-83f679d593bc", "object_repr": "How to make Pounded Yam Recipe", "action_flag": 1, "change_message": "[{\"added\": {}}]"}}, {"model": "admin.logentry", "pk": 19, "fields": {"action_time": "2024-09-05T14:41:11.256Z", "user": "b5d437fb-9ac0-4ab6-97a0-a4f45e837146", "content_type": 9, "object_id": "d00d23fa-6faf-47ea-a951-874ce310664a", "object_repr": "Quick Jollof Rice", "action_flag": 2, "change_message": "[{\"changed\": {\"fields\": [\"Thumbnail\"]}}]"}}, {"model": "admin.logentry", "pk": 20, "fields": {"action_time": "2024-09-05T14:46:14.947Z", "user": "b5d437fb-9ac0-4ab6-97a0-a4f45e837146", "content_type": 9, "object_id": "fc67a282-465b-49c5-ad58-e818fe86ce00", "object_repr": "French Fries Recipes", "action_flag": 1, "change_message": "[{\"added\": {}}]"}}, {"model": "admin.logentry", "pk": 21, "fields": {"action_time": "2024-09-05T15:02:30.155Z", "user": "b5d437fb-9ac0-4ab6-97a0-a4f45e837146", "content_type": 9, "object_id": "fc67a282-465b-49c5-ad58-e818fe86ce00", "object_repr": "French Fries Recipes", "action_flag": 2, "change_message": "[{\"changed\": {\"fields\": [\"Thumbnail\"]}}]"}}, {"model": "admin.logentry", "pk": 22, "fields": {"action_time": "2024-09-06T23:10:18.391Z", "user": "b5d437fb-9ac0-4ab6-97a0-a4f45e837146", "content_type": 8, "object_id": "c98ad567-1a64-44dd-8ec3-903e2a0c54b0", "object_repr": "isubscribenetwork@gmail.com", "action_flag": 3, "change_message": ""}}, {"model": "admin.logentry", "pk": 23, "fields": {"action_time": "2024-09-06T23:10:18.598Z", "user": "b5d437fb-9ac0-4ab6-97a0-a4f45e837146", "content_type": 8, "object_id": "f8a84825-b8b0-4322-b2fa-a7674a194d32", "object_repr": "matie@email.com", "action_flag": 3, "change_message": ""}}, {"model": "admin.logentry", "pk": 24, "fields": {"action_time": "2024-09-06T23:17:04.242Z", "user": "b5d437fb-9ac0-4ab6-97a0-a4f45e837146", "content_type": 8, "object_id": "3c747246-2577-4945-a481-7072f8c005e8", "object_repr": "isubscribenetwork@gmail.com", "action_flag": 3, "change_message": ""}}, {"model": "admin.logentry", "pk": 25, "fields": {"action_time": "2024-09-07T00:10:45.050Z", "user": "b5d437fb-9ac0-4ab6-97a0-a4f45e837146", "content_type": 8, "object_id": "b5d437fb-9ac0-4ab6-97a0-a4f45e837146", "object_repr": "balamathias05@gmail.com", "action_flag": 2, "change_message": "[{\"changed\": {\"fields\": [\"Username\"]}}]"}}, {"model": "admin.logentry", "pk": 26, "fields": {"action_time": "2024-09-07T00:23:31.971Z", "user": "b5d437fb-9ac0-4ab6-97a0-a4f45e837146", "content_type": 8, "object_id": "dc3801fb-442f-44d4-af84-6713e7e70d88", "object_repr": "isabella@tryorion.com", "action_flag": 3, "change_message": ""}}, {"model": "admin.logentry", "pk": 27, "fields": {"action_time": "2024-09-07T02:51:07.189Z", "user": "b5d437fb-9ac0-4ab6-97a0-a4f45e837146", "content_type": 8, "object_id": "b5d437fb-9ac0-4ab6-97a0-a4f45e837146", "object_repr": "balamathias05@gmail.com", "action_flag": 2, "change_message": "[{\"changed\": {\"fields\": [\"Username\", \"Avatar\"]}}]"}}, {"model": "admin.logentry", "pk": 28, "fields": {"action_time": "2024-09-07T02:59:28.183Z", "user": "b5d437fb-9ac0-4ab6-97a0-a4f45e837146", "content_type": 8, "object_id": "b5d437fb-9ac0-4ab6-97a0-a4f45e837146", "object_repr": "balamathias05@gmail.com", "action_flag": 2, "change_message": "[{\"changed\": {\"fields\": [\"First name\", \"Last name\"]}}]"}}, {"model": "admin.logentry", "pk": 29, "fields": {"action_time": "2024-09-07T03:07:06.969Z", "user": "b5d437fb-9ac0-4ab6-97a0-a4f45e837146", "content_type": 8, "object_id": "b5d437fb-9ac0-4ab6-97a0-a4f45e837146", "object_repr": "balamathias05@gmail.com", "action_flag": 2, "change_message": "[{\"changed\": {\"fields\": [\"Avatar\"]}}]"}}, {"model": "admin.logentry", "pk": 30, "fields": {"action_time": "2024-09-07T03:18:51.763Z", "user": "b5d437fb-9ac0-4ab6-97a0-a4f45e837146", "content_type": 8, "object_id": "98324e9b-4bab-4eb8-b848-b8bddd27c0e7", "object_repr": "balamathias40@gmail.com", "action_flag": 2, "change_message": "[{\"changed\": {\"fields\": [\"Username\", \"Avatar\"]}}]"}}, {"model": "admin.logentry", "pk": 31, "fields": {"action_time": "2024-09-07T10:33:53.598Z", "user": "b5d437fb-9ac0-4ab6-97a0-a4f45e837146", "content_type": 9, "object_id": "d00d23fa-6faf-47ea-a951-874ce310664a", "object_repr": "Quick Jollof Rice", "action_flag": 2, "change_message": "[{\"changed\": {\"fields\": [\"Likes\"]}}]"}}, {"model": "admin.logentry", "pk": 32, "fields": {"action_time": "2024-09-07T10:49:19.823Z", "user": "b5d437fb-9ac0-4ab6-97a0-a4f45e837146", "content_type": 9, "object_id": "e0ece730-a9f4-4444-952f-beaee5ae6bae", "object_repr": "How to make Tomato Recipe", "action_flag": 1, "change_message": "[{\"added\": {}}]"}}, {"model": "admin.logentry", "pk": 33, "fields": {"action_time": "2024-09-07T10:51:44.937Z", "user": "b5d437fb-9ac0-4ab6-97a0-a4f45e837146", "content_type": 9, "object_id": "50a2aa0e-b7f8-4c07-987e-83f679d593bc", "object_repr": "How to make Pounded Yam Recipe", "action_flag": 2, "change_message": "[{\"changed\": {\"fields\": [\"Thumbnail\"]}}]"}}, {"model": "admin.logentry", "pk": 34, "fields": {"action_time": "2024-09-07T10:52:31.359Z", "user": "b5d437fb-9ac0-4ab6-97a0-a4f45e837146", "content_type": 9, "object_id": "fc67a282-465b-49c5-ad58-e818fe86ce00", "object_repr": "French Fries Recipes", "action_flag": 2, "change_message": "[{\"changed\": {\"fields\": [\"Thumbnail\"]}}]"}}, {"model": "admin.logentry", "pk": 35, "fields": {"action_time": "2024-09-07T10:53:16.395Z", "user": "b5d437fb-9ac0-4ab6-97a0-a4f45e837146", "content_type": 9, "object_id": "d00d23fa-6faf-47ea-a951-874ce310664a", "object_repr": "Quick Jollof Rice", "action_flag": 2, "change_message": "[{\"changed\": {\"fields\": [\"Thumbnail\"]}}]"}}, {"model": "admin.logentry", "pk": 36, "fields": {"action_time": "2024-09-07T10:55:44.870Z", "user": "b5d437fb-9ac0-4ab6-97a0-a4f45e837146", "content_type": 9, "object_id": "0089628e-94eb-4236-8dab-fc248cb3790d", "object_repr": "How to prepare Spaghetti - the Nigerian Way.", "action_flag": 1, "change_message": "[{\"added\": {}}]"}}, {"model": "admin.logentry", "pk": 37, "fields": {"action_time": "2024-09-08T00:46:00.318Z", "user": "b5d437fb-9ac0-4ab6-97a0-a4f45e837146", "content_type": 9, "object_id": "fc67a282-465b-49c5-ad58-e818fe86ce00", "object_repr": "French Fries Recipes", "action_flag": 2, "change_message": "[{\"changed\": {\"fields\": [\"Thumbnail\"]}}]"}}, {"model": "admin.logentry", "pk": 38, "fields": {"action_time": "2024-09-08T00:46:47.797Z", "user": "b5d437fb-9ac0-4ab6-97a0-a4f45e837146", "content_type": 9, "object_id": "e0ece730-a9f4-4444-952f-beaee5ae6bae", "object_repr": "How to make Tomato Recipe", "action_flag": 2, "change_message": "[{\"changed\": {\"fields\": [\"Thumbnail\"]}}]"}}, {"model": "admin.logentry", "pk": 39, "fields": {"action_time": "2024-09-08T00:47:30.741Z", "user": "b5d437fb-9ac0-4ab6-97a0-a4f45e837146", "content_type": 9, "object_id": "d00d23fa-6faf-47ea-a951-874ce310664a", "object_repr": "Quick Jollof Rice", "action_flag": 2, "change_message": "[{\"changed\": {\"fields\": [\"Thumbnail\"]}}]"}}, {"model": "admin.logentry", "pk": 40, "fields": {"action_time": "2024-09-08T00:48:35.864Z", "user": "b5d437fb-9ac0-4ab6-97a0-a4f45e837146", "content_type": 9, "object_id": "50a2aa0e-b7f8-4c07-987e-83f679d593bc", "object_repr": "How to make Pounded Yam Recipe", "action_flag": 2, "change_message": "[{\"changed\": {\"fields\": [\"Thumbnail\"]}}]"}}, {"model": "admin.logentry", "pk": 41, "fields": {"action_time": "2024-09-08T00:49:05.621Z", "user": "b5d437fb-9ac0-4ab6-97a0-a4f45e837146", "content_type": 9, "object_id": "0089628e-94eb-4236-8dab-fc248cb3790d", "object_repr": "How to prepare Spaghetti - the Nigerian Way.", "action_flag": 2, "change_message": "[{\"changed\": {\"fields\": [\"Thumbnail\"]}}]"}}, {"model": "admin.logentry", "pk": 42, "fields": {"action_time": "2024-09-10T20:23:57.935Z", "user": "b5d437fb-9ac0-4ab6-97a0-a4f45e837146", "content_type": 9, "object_id": "0089628e-94eb-4236-8dab-fc248cb3790d", "object_repr": "How to prepare Spaghetti", "action_flag": 2, "change_message": "[{\"changed\": {\"fields\": [\"Title\"]}}]"}}, {"model": "admin.logentry", "pk": 43, "fields": {"action_time": "2024-09-12T08:25:32.756Z", "user": "b5d437fb-9ac0-4ab6-97a0-a4f45e837146", "content_type": 10, "object_id": "18", "object_repr": "chicken", "action_flag": 2, "change_message": "[{\"changed\": {\"fields\": [\"Name\"]}}]"}}, {"model": "admin.logentry", "pk": 44, "fields": {"action_time": "2024-09-14T14:04:41.228Z", "user": "b5d437fb-9ac0-4ab6-97a0-a4f45e837146", "content_type": 8, "object_id": "d41f6386-8569-4f32-8109-f211c4ae80c7", "object_repr": "salmathias05@gmail.com", "action_flag": 3, "change_message": ""}}, {"model": "admin.logentry", "pk": 45, "fields": {"action_time": "2024-09-14T14:06:13.206Z", "user": "b5d437fb-9ac0-4ab6-97a0-a4f45e837146", "content_type": 8, "object_id": "1f853e9c-ac3e-4ed1-9508-b10c13ad046c", "object_repr": "salmathias05@gmail.com", "action_flag": 3, "change_message": ""}}, {"model": "admin.logentry", "pk": 46, "fields": {"action_time": "2024-09-14T14:11:56.239Z", "user": "b5d437fb-9ac0-4ab6-97a0-a4f45e837146", "content_type": 8, "object_id": "9301de02-50a1-49c0-902b-c88005cc3217", "object_repr": "salmathias05@gmail.com", "action_flag": 3, "change_message": ""}}, {"model": "admin.logentry", "pk": 47, "fields": {"action_time": "2024-09-14T14:16:09.867Z", "user": "b5d437fb-9ac0-4ab6-97a0-a4f45e837146", "content_type": 8, "object_id": "742c1a33-eadf-47e4-a3a9-ec87af2d06a6", "object_repr": "salmathias05@gmail.com", "action_flag": 3, "change_message": ""}}, {"model": "admin.logentry", "pk": 48, "fields": {"action_time": "2024-09-14T14:49:57.599Z", "user": "b5d437fb-9ac0-4ab6-97a0-a4f45e837146", "content_type": 8, "object_id": "1a937d59-d8eb-43da-a013-474b024f0956", "object_repr": "salmathias05@gmail.com", "action_flag": 3, "change_message": ""}}, {"model": "admin.logentry", "pk": 49, "fields": {"action_time": "2024-09-14T15:05:07.538Z", "user": "b5d437fb-9ac0-4ab6-97a0-a4f45e837146", "content_type": 8, "object_id": "860fca1a-ee85-44e6-8b74-231ef0119551", "object_repr": "salmathias05@gmail.com", "action_flag": 3, "change_message": ""}}, {"model": "admin.logentry", "pk": 50, "fields": {"action_time": "2024-09-14T16:11:52.464Z", "user": "b5d437fb-9ac0-4ab6-97a0-a4f45e837146", "content_type": 8, "object_id": "d53e90a0-6de4-43f4-9982-e63b36bec706", "object_repr": "salmathias05@gmail.com", "action_flag": 3, "change_message": ""}}, {"model": "admin.logentry", "pk": 51, "fields": {"action_time": "2024-09-14T18:27:58.346Z", "user": "b5d437fb-9ac0-4ab6-97a0-a4f45e837146", "content_type": 8, "object_id": "0386b3f7-a795-43d5-99d7-1d9c3b8d7bc2", "object_repr": "lawhub01@gmail.com", "action_flag": 3, "change_message": ""}}, {"model": "admin.logentry", "pk": 52, "fields": {"action_time": "2024-09-14T18:31:35.337Z", "user": "b5d437fb-9ac0-4ab6-97a0-a4f45e837146", "content_type": 8, "object_id": "fa57fee9-aa30-4fbb-b81a-23f5b6a00ed3", "object_repr": "lawhub01@gmail.com", "action_flag": 3, "change_message": ""}}, {"model": "admin.logentry", "pk": 53, "fields": {"action_time": "2024-09-15T07:28:36.161Z", "user": "b5d437fb-9ac0-4ab6-97a0-a4f45e837146", "content_type": 8, "object_id": "f5a569bd-955c-45cb-b091-cbf3ac812004", "object_repr": "nmwrites01@gmail.com", "action_flag": 3, "change_message": ""}}, {"model": "admin.logentry", "pk": 54, "fields": {"action_time": "2024-09-15T23:20:48.520Z", "user": "b5d437fb-9ac0-4ab6-97a0-a4f45e837146", "content_type": 9, "object_id": "5cdb7b00-a21e-4bb8-8cd8-d40a8998399f", "object_repr": "How to make Donuts", "action_flag": 1, "change_message": "[{\"added\": {}}]"}}, {"model": "admin.logentry", "pk": 55, "fields": {"action_time": "2024-09-15T23:33:24.337Z", "user": "b5d437fb-9ac0-4ab6-97a0-a4f45e837146", "content_type": 9, "object_id": "5cdb7b00-a21e-4bb8-8cd8-d40a8998399f", "object_repr": "How to make Donuts", "action_flag": 2, "change_message": "[{\"changed\": {\"fields\": [\"Video\"]}}]"}}, {"model": "admin.logentry", "pk": 56, "fields": {"action_time": "2024-09-15T23:34:19.579Z", "user": "b5d437fb-9ac0-4ab6-97a0-a4f45e837146", "content_type": 9, "object_id": "5cdb7b00-a21e-4bb8-8cd8-d40a8998399f", "object_repr": "How to make Donuts", "action_flag": 2, "change_message": "[{\"changed\": {\"fields\": [\"Thumbnail\"]}}]"}}, {"model": "admin.logentry", "pk": 57, "fields": {"action_time": "2024-09-17T12:57:44.473Z", "user": "b5d437fb-9ac0-4ab6-97a0-a4f45e837146", "content_type": 8, "object_id": "122b256d-d6e3-4b94-9686-79b515087de2", "object_repr": "lawhub01@gmail.com", "action_flag": 3, "change_message": ""}}, {"model": "auth.permission", "pk": 1, "fields": {"name": "Can add log entry", "content_type": 1, "codename": "add_logentry"}}, {"model": "auth.permission", "pk": 2, "fields": {"name": "Can change log entry", "content_type": 1, "codename": "change_logentry"}}, {"model": "auth.permission", "pk": 3, "fields": {"name": "Can delete log entry", "content_type": 1, "codename": "delete_logentry"}}, {"model": "auth.permission", "pk": 4, "fields": {"name": "Can view log entry", "content_type": 1, "codename": "view_logentry"}}, {"model": "auth.permission", "pk": 5, "fields": {"name": "Can add permission", "content_type": 2, "codename": "add_permission"}}, {"model": "auth.permission", "pk": 6, "fields": {"name": "Can change permission", "content_type": 2, "codename": "change_permission"}}, {"model": "auth.permission", "pk": 7, "fields": {"name": "Can delete permission", "content_type": 2, "codename": "delete_permission"}}, {"model": "auth.permission", "pk": 8, "fields": {"name": "Can view permission", "content_type": 2, "codename": "view_permission"}}, {"model": "auth.permission", "pk": 9, "fields": {"name": "Can add group", "content_type": 3, "codename": "add_group"}}, {"model": "auth.permission", "pk": 10, "fields": {"name": "Can change group", "content_type": 3, "codename": "change_group"}}, {"model": "auth.permission", "pk": 11, "fields": {"name": "Can delete group", "content_type": 3, "codename": "delete_group"}}, {"model": "auth.permission", "pk": 12, "fields": {"name": "Can view group", "content_type": 3, "codename": "view_group"}}, {"model": "auth.permission", "pk": 13, "fields": {"name": "Can add content type", "content_type": 4, "codename": "add_contenttype"}}, {"model": "auth.permission", "pk": 14, "fields": {"name": "Can change content type", "content_type": 4, "codename": "change_contenttype"}}, {"model": "auth.permission", "pk": 15, "fields": {"name": "Can delete content type", "content_type": 4, "codename": "delete_contenttype"}}, {"model": "auth.permission", "pk": 16, "fields": {"name": "Can view content type", "content_type": 4, "codename": "view_contenttype"}}, {"model": "auth.permission", "pk": 17, "fields": {"name": "Can add session", "content_type": 5, "codename": "add_session"}}, {"model": "auth.permission", "pk": 18, "fields": {"name": "Can change session", "content_type": 5, "codename": "change_session"}}, {"model": "auth.permission", "pk": 19, "fields": {"name": "Can delete session", "content_type": 5, "codename": "delete_session"}}, {"model": "auth.permission", "pk": 20, "fields": {"name": "Can view session", "content_type": 5, "codename": "view_session"}}, {"model": "auth.permission", "pk": 21, "fields": {"name": "Can add Token", "content_type": 6, "codename": "add_token"}}, {"model": "auth.permission", "pk": 22, "fields": {"name": "Can change Token", "content_type": 6, "codename": "change_token"}}, {"model": "auth.permission", "pk": 23, "fields": {"name": "Can delete Token", "content_type": 6, "codename": "delete_token"}}, {"model": "auth.permission", "pk": 24, "fields": {"name": "Can view Token", "content_type": 6, "codename": "view_token"}}, {"model": "auth.permission", "pk": 25, "fields": {"name": "Can add Token", "content_type": 7, "codename": "add_tokenproxy"}}, {"model": "auth.permission", "pk": 26, "fields": {"name": "Can change Token", "content_type": 7, "codename": "change_tokenproxy"}}, {"model": "auth.permission", "pk": 27, "fields": {"name": "Can delete Token", "content_type": 7, "codename": "delete_tokenproxy"}}, {"model": "auth.permission", "pk": 28, "fields": {"name": "Can view Token", "content_type": 7, "codename": "view_tokenproxy"}}, {"model": "auth.permission", "pk": 29, "fields": {"name": "Can add user", "content_type": 8, "codename": "add_user"}}, {"model": "auth.permission", "pk": 30, "fields": {"name": "Can change user", "content_type": 8, "codename": "change_user"}}, {"model": "auth.permission", "pk": 31, "fields": {"name": "Can delete user", "content_type": 8, "codename": "delete_user"}}, {"model": "auth.permission", "pk": 32, "fields": {"name": "Can view user", "content_type": 8, "codename": "view_user"}}, {"model": "auth.permission", "pk": 33, "fields": {"name": "Can add post", "content_type": 9, "codename": "add_post"}}, {"model": "auth.permission", "pk": 34, "fields": {"name": "Can change post", "content_type": 9, "codename": "change_post"}}, {"model": "auth.permission", "pk": 35, "fields": {"name": "Can delete post", "content_type": 9, "codename": "delete_post"}}, {"model": "auth.permission", "pk": 36, "fields": {"name": "Can view post", "content_type": 9, "codename": "view_post"}}, {"model": "auth.permission", "pk": 37, "fields": {"name": "Can add tag", "content_type": 10, "codename": "add_tag"}}, {"model": "auth.permission", "pk": 38, "fields": {"name": "Can change tag", "content_type": 10, "codename": "change_tag"}}, {"model": "auth.permission", "pk": 39, "fields": {"name": "Can delete tag", "content_type": 10, "codename": "delete_tag"}}, {"model": "auth.permission", "pk": 40, "fields": {"name": "Can view tag", "content_type": 10, "codename": "view_tag"}}, {"model": "auth.permission", "pk": 41, "fields": {"name": "Can add blacklisted token", "content_type": 11, "codename": "add_blacklistedtoken"}}, {"model": "auth.permission", "pk": 42, "fields": {"name": "Can change blacklisted token", "content_type": 11, "codename": "change_blacklistedtoken"}}, {"model": "auth.permission", "pk": 43, "fields": {"name": "Can delete blacklisted token", "content_type": 11, "codename": "delete_blacklistedtoken"}}, {"model": "auth.permission", "pk": 44, "fields": {"name": "Can view blacklisted token", "content_type": 11, "codename": "view_blacklistedtoken"}}, {"model": "auth.permission", "pk": 45, "fields": {"name": "Can add outstanding token", "content_type": 12, "codename": "add_outstandingtoken"}}, {"model": "auth.permission", "pk": 46, "fields": {"name": "Can change outstanding token", "content_type": 12, "codename": "change_outstandingtoken"}}, {"model": "auth.permission", "pk": 47, "fields": {"name": "Can delete outstanding token", "content_type": 12, "codename": "delete_outstandingtoken"}}, {"model": "auth.permission", "pk": 48, "fields": {"name": "Can view outstanding token", "content_type": 12, "codename": "view_outstandingtoken"}}, {"model": "contenttypes.contenttype", "pk": 1, "fields": {"app_label": "admin", "model": "logentry"}}, {"model": "contenttypes.contenttype", "pk": 2, "fields": {"app_label": "auth", "model": "permission"}}, {"model": "contenttypes.contenttype", "pk": 3, "fields": {"app_label": "auth", "model": "group"}}, {"model": "contenttypes.contenttype", "pk": 4, "fields": {"app_label": "contenttypes", "model": "contenttype"}}, {"model": "contenttypes.contenttype", "pk": 5, "fields": {"app_label": "sessions", "model": "session"}}, {"model": "contenttypes.contenttype", "pk": 6, "fields": {"app_label": "authtoken", "model": "token"}}, {"model": "contenttypes.contenttype", "pk": 7, "fields": {"app_label": "authtoken", "model": "tokenproxy"}}, {"model": "contenttypes.contenttype", "pk": 8, "fields": {"app_label": "api", "model": "user"}}, {"model": "contenttypes.contenttype", "pk": 9, "fields": {"app_label": "api", "model": "post"}}, {"model": "contenttypes.contenttype", "pk": 10, "fields": {"app_label": "api", "model": "tag"}}, {"model": "contenttypes.contenttype", "pk": 11, "fields": {"app_label": "token_blacklist", "model": "blacklistedtoken"}}, {"model": "contenttypes.contenttype", "pk": 12, "fields": {"app_label": "token_blacklist", "model": "outstandingtoken"}}, {"model": "sessions.session", "pk": "3vx5proopqydz9totamhy4mlvftj2tda", "fields": {"session_data": ".eJxVjjkOwjAURO_iGls23mJKes4Qjb-_SQAlUpYKcXcSKQVI0817o3mLFuvStevMU9sXcRHZF2djzTKBtHTIQaYILeGq89zYaFwQp18tg5487G55YLiPisZhmfqsdkQd7axuY-HX9WD_BjrM3Wabgny2JVamUDK2aDINWQ0E9i4ilcrOhO0gWWsrGCaF4JsKoqq1-HwBQDRCqw:1sly9E:kP6-DSd2zvrcwh6sPXENINOhzw8yOOoM-v-H_BMlRnw", "expire_date": "2024-09-18T22:06:44.894Z"}}, {"model": "authtoken.token", "pk": "23b743c81060816cc9308994534ee14d42f388ac", "fields": {"user": "3685caed-61bd-41e8-bdc4-d0714294e3c2", "created": "2024-09-12T16:56:09.370Z"}}, {"model": "authtoken.token", "pk": "278ffbc31be290fdec93890364a638496f7e3044", "fields": {"user": "c11b7dad-b9b1-4d1a-bb34-17c24c29ada4", "created": "2024-09-15T07:29:05.349Z"}}, {"model": "authtoken.token", "pk": "28a7246da49b613d2fa1cc1c32ab2d973eae5483", "fields": {"user": "b5d437fb-9ac0-4ab6-97a0-a4f45e837146", "created": "2024-09-04T21:13:42.302Z"}}, {"model": "authtoken.token", "pk": "2903a73864ab59bd5b601614ff0e2323ee7a7687", "fields": {"user": "f1520c32-22ea-4c57-b321-b252e7332d92", "created": "2024-09-11T22:25:01.506Z"}}, {"model": "authtoken.token", "pk": "30f2d0d7863710188ed70a7a9802f12059ea1abb", "fields": {"user": "c474e7ab-e868-4608-8007-105a15e18acf", "created": "2024-09-12T00:40:39.851Z"}}, {"model": "authtoken.token", "pk": "3b7195b8bb921d6d015d912d78692e832d933b9f", "fields": {"user": "c8740c48-1cac-467c-b51a-27a22d708e09", "created": "2024-09-13T20:26:55.428Z"}}, {"model": "authtoken.token", "pk": "47f0c2e7c6dcf038b43d7080fb0fb5e6a91da5d9", "fields": {"user": "41790850-53bd-41a3-a6d9-0f7d5d0a2700", "created": "2024-09-12T11:49:44.672Z"}}, {"model": "authtoken.token", "pk": "61707156efcd7426489388c042155304c38d89ad", "fields": {"user": "7d93f6dd-680d-4bbb-88f4-3dabb7882bd6", "created": "2024-09-07T00:23:39.013Z"}}, {"model": "authtoken.token", "pk": "7a658a2f0f9cfb3e7f57b4a4f23435d418fb8304", "fields": {"user": "9919f819-2d1d-4446-b23a-bbd468bd61bf", "created": "2024-09-14T16:12:03.890Z"}}, {"model": "authtoken.token", "pk": "93765dfaa4912eab31683f3e1d6709be5b693845", "fields": {"user": "98324e9b-4bab-4eb8-b848-b8bddd27c0e7", "created": "2024-09-04T22:23:26.878Z"}}, {"model": "authtoken.token", "pk": "cc1cc3e83da4b4958779448c5235259e02c5142f", "fields": {"user": "7eb617b0-2f78-4699-a729-163e779782df", "created": "2024-09-11T20:58:13.873Z"}}, {"model": "authtoken.token", "pk": "cdb17e7cdaa3cc2e276b5fc71d2bf2987f854d66", "fields": {"user": "356b7118-df32-48c0-82b7-3ea1cefbd38f", "created": "2024-09-17T12:58:40.918Z"}}, {"model": "token_blacklist.outstandingtoken", "pk": 1, "fields": {"user": "7d93f6dd-680d-4bbb-88f4-3dabb7882bd6", "jti": "bb74673deddb458d96b60f57cdbba088", "token": "eyJhbGciOiJIUzI1NiIsInR5cCI6IkpXVCJ9.eyJ0b2tlbl90eXBlIjoicmVmcmVzaCIsImV4cCI6MTcyNTc1NTAyMCwiaWF0IjoxNzI1NjY4NjIwLCJqdGkiOiJiYjc0NjczZGVkZGI0NThkOTZiNjBmNTdjZGJiYTA4OCIsInVzZXJfaWQiOiI3ZDkzZjZkZC02ODBkLTRiYmItODhmNC0zZGFiYjc4ODJiZDYifQ.aQWce5OCR6DvQhg0_uI8LaZgXpXkAsphlxC7OV1iWGQ", "created_at": "2024-09-07T00:23:40.631Z", "expires_at": "2024-09-08T00:23:40Z"}}, {"model": "token_blacklist.outstandingtoken", "pk": 2, "fields": {"user": "b5d437fb-9ac0-4ab6-97a0-a4f45e837146", "jti": "104c4770b78047a9aff8b456016b40ae", "token": "eyJhbGciOiJIUzI1NiIsInR5cCI6IkpXVCJ9.eyJ0b2tlbl90eXBlIjoicmVmcmVzaCIsImV4cCI6MTcyNTc1ODc0OCwiaWF0IjoxNzI1NjcyMzQ4LCJqdGkiOiIxMDRjNDc3MGI3ODA0N2E5YWZmOGI0NTYwMTZiNDBhZSIsInVzZXJfaWQiOiJiNWQ0MzdmYi05YWMwLTRhYjYtOTdhMC1hNGY0NWU4MzcxNDYifQ.uYjZTHkugBwxiBmPx01iExYofV8oeXjgJzxUyXzvWd4", "created_at": "2024-09-07T01:25:48.212Z", "expires_at": "2024-09-08T01:25:48Z"}}, {"model": "token_blacklist.outstandingtoken", "pk": 3, "fields": {"user": "b5d437fb-9ac0-4ab6-97a0-a4f45e837146", "jti": "04f14a3970714fe4a7bce1f0497dcbb3", "token": "eyJhbGciOiJIUzI1NiIsInR5cCI6IkpXVCJ9.eyJ0b2tlbl90eXBlIjoicmVmcmVzaCIsImV4cCI6MTcyNTc1ODgwNSwiaWF0IjoxNzI1NjcyNDA1LCJqdGkiOiIwNGYxNGEzOTcwNzE0ZmU0YTdiY2UxZjA0OTdkY2JiMyIsInVzZXJfaWQiOiJiNWQ0MzdmYi05YWMwLTRhYjYtOTdhMC1hNGY0NWU4MzcxNDYifQ.GobAK__l50x6OjyuKAZiXzwXRKVd60tbYz6SLErFY18", "created_at": "2024-09-07T01:26:45.862Z", "expires_at": "2024-09-08T01:26:45Z"}}, {"model": "token_blacklist.outstandingtoken", "pk": 4, "fields": {"user": "b5d437fb-9ac0-4ab6-97a0-a4f45e837146", "jti": "02ccbbadf773478c8c909855c1b3c1e4", "token": "eyJhbGciOiJIUzI1NiIsInR5cCI6IkpXVCJ9.eyJ0b2tlbl90eXBlIjoicmVmcmVzaCIsImV4cCI6MTcyNTc1OTgxNCwiaWF0IjoxNzI1NjczNDE0LCJqdGkiOiIwMmNjYmJhZGY3NzM0NzhjOGM5MDk4NTVjMWIzYzFlNCIsInVzZXJfaWQiOiJiNWQ0MzdmYi05YWMwLTRhYjYtOTdhMC1hNGY0NWU4MzcxNDYifQ.2vqL8sNSX3l1a7MwdHCFVeFgh_mXKGuMf6odywh0B_c", "created_at": "2024-09-07T01:43:34.891Z", "expires_at": "2024-09-08T01:43:34Z"}}, {"model": "token_blacklist.outstandingtoken", "pk": 5, "fields": {"user": "b5d437fb-9ac0-4ab6-97a0-a4f45e837146", "jti": "c9684f3df9f24ba1ac041314416734e1", "token": "eyJhbGciOiJIUzI1NiIsInR5cCI6IkpXVCJ9.eyJ0b2tlbl90eXBlIjoicmVmcmVzaCIsImV4cCI6MTcyNTc2MDc5OSwiaWF0IjoxNzI1Njc0Mzk5LCJqdGkiOiJjOTY4NGYzZGY5ZjI0YmExYWMwNDEzMTQ0MTY3MzRlMSIsInVzZXJfaWQiOiJiNWQ0MzdmYi05YWMwLTRhYjYtOTdhMC1hNGY0NWU4MzcxNDYifQ.bn3Hzer_vPezerMzV3LxrnuV7wXx6JZBOIMa3MCzfCE", "created_at": "2024-09-07T01:59:59.373Z", "expires_at": "2024-09-08T01:59:59Z"}}, {"model": "token_blacklist.outstandingtoken", "pk": 6, "fields": {"user": "b5d437fb-9ac0-4ab6-97a0-a4f45e837146", "jti": "a886e1775b58404ea3ce946852c68265", "token": "eyJhbGciOiJIUzI1NiIsInR5cCI6IkpXVCJ9.eyJ0b2tlbl90eXBlIjoicmVmcmVzaCIsImV4cCI6MTcyNTc2MTg0MSwiaWF0IjoxNzI1Njc1NDQxLCJqdGkiOiJhODg2ZTE3NzViNTg0MDRlYTNjZTk0Njg1MmM2ODI2NSIsInVzZXJfaWQiOiJiNWQ0MzdmYi05YWMwLTRhYjYtOTdhMC1hNGY0NWU4MzcxNDYifQ.rhh65rUrrbeOev2or58nDMt9lko6_oh2Z6_pcUvM3OY", "created_at": "2024-09-07T02:17:21.758Z", "expires_at": "2024-09-08T02:17:21Z"}}, {"model": "token_blacklist.outstandingtoken", "pk": 7, "fields": {"user": "b5d437fb-9ac0-4ab6-97a0-a4f45e837146", "jti": "1de9346259d249028336f075721d3726", "token": "eyJhbGciOiJIUzI1NiIsInR5cCI6IkpXVCJ9.eyJ0b2tlbl90eXBlIjoicmVmcmVzaCIsImV4cCI6MTcyNTc2Mjc2NiwiaWF0IjoxNzI1Njc2MzY2LCJqdGkiOiIxZGU5MzQ2MjU5ZDI0OTAyODMzNmYwNzU3MjFkMzcyNiIsInVzZXJfaWQiOiJiNWQ0MzdmYi05YWMwLTRhYjYtOTdhMC1hNGY0NWU4MzcxNDYifQ.H5DaZOm-ry6lUxIENfd7hhgtkyoYiyFhjNC_gdrB0mQ", "created_at": "2024-09-07T02:32:46.794Z", "expires_at": "2024-09-08T02:32:46Z"}}, {"model": "token_blacklist.outstandingtoken", "pk": 8, "fields": {"user": "b5d437fb-9ac0-4ab6-97a0-a4f45e837146", "jti": "e96706a24b2849328dc87bcbf3a70fa6", "token": "eyJhbGciOiJIUzI1NiIsInR5cCI6IkpXVCJ9.eyJ0b2tlbl90eXBlIjoicmVmcmVzaCIsImV4cCI6MTcyNTc2Mzc1MCwiaWF0IjoxNzI1Njc3MzUwLCJqdGkiOiJlOTY3MDZhMjRiMjg0OTMyOGRjODdiY2JmM2E3MGZhNiIsInVzZXJfaWQiOiJiNWQ0MzdmYi05YWMwLTRhYjYtOTdhMC1hNGY0NWU4MzcxNDYifQ.y3H2qgemS0ObJ4kW87SdO2zwXYIaH7IXP1Fhj5cXPWE", "created_at": "2024-09-07T02:49:10.479Z", "expires_at": "2024-09-08T02:49:10Z"}}, {"model": "token_blacklist.outstandingtoken", "pk": 9, "fields": {"user": "b5d437fb-9ac0-4ab6-97a0-a4f45e837146", "jti": "38fbca28e06148c3b115db46f919bed4", "token": "eyJhbGciOiJIUzI1NiIsInR5cCI6IkpXVCJ9.eyJ0b2tlbl90eXBlIjoicmVmcmVzaCIsImV4cCI6MTcyNTc2NDY4MCwiaWF0IjoxNzI1Njc4MjgwLCJqdGkiOiIzOGZiY2EyOGUwNjE0OGMzYjExNWRiNDZmOTE5YmVkNCIsInVzZXJfaWQiOiJiNWQ0MzdmYi05YWMwLTRhYjYtOTdhMC1hNGY0NWU4MzcxNDYifQ.zzIsmyHB9jz01ozsjuv6NkQogWoefpZlO7hS5NRJimo", "created_at": "2024-09-07T03:04:40.431Z", "expires_at": "2024-09-08T03:04:40Z"}}, {"model": "token_blacklist.outstandingtoken", "pk": 10, "fields": {"user": "b5d437fb-9ac0-4ab6-97a0-a4f45e837146", "jti": "1675295882a342ada610387953ba0aac", "token": "eyJhbGciOiJIUzI1NiIsInR5cCI6IkpXVCJ9.eyJ0b2tlbl90eXBlIjoicmVmcmVzaCIsImV4cCI6MTcyNTc2NjU5MSwiaWF0IjoxNzI1NjgwMTkxLCJqdGkiOiIxNjc1Mjk1ODgyYTM0MmFkYTYxMDM4Nzk1M2JhMGFhYyIsInVzZXJfaWQiOiJiNWQ0MzdmYi05YWMwLTRhYjYtOTdhMC1hNGY0NWU4MzcxNDYifQ.4VrPs6_S9lo0hLjOAWa61RMUHzyar1wpADfKOwJKgFc", "created_at": "2024-09-07T03:36:31.744Z", "expires_at": "2024-09-08T03:36:31Z"}}, {"model": "token_blacklist.outstandingtoken", "pk": 11, "fields": {"user": "b5d437fb-9ac0-4ab6-97a0-a4f45e837146", "jti": "4de322f30842476192f5c1fcc24fe4d6", "token": "eyJhbGciOiJIUzI1NiIsInR5cCI6IkpXVCJ9.eyJ0b2tlbl90eXBlIjoicmVmcmVzaCIsImV4cCI6MTcyNTc2NzU2NywiaWF0IjoxNzI1NjgxMTY3LCJqdGkiOiI0ZGUzMjJmMzA4NDI0NzYxOTJmNWMxZmNjMjRmZTRkNiIsInVzZXJfaWQiOiJiNWQ0MzdmYi05YWMwLTRhYjYtOTdhMC1hNGY0NWU4MzcxNDYifQ.k0Z9WzeyXh-WmERdKOH9X1DrYuziF_qa8s_joVVnoHM", "created_at": "2024-09-07T03:52:47.813Z", "expires_at": "2024-09-08T03:52:47Z"}}, {"model": "token_blacklist.outstandingtoken", "pk": 12, "fields": {"user": "b5d437fb-9ac0-4ab6-97a0-a4f45e837146", "jti": "d9eff82a16c942398b937b4a8ff957b5", "token": "eyJhbGciOiJIUzI1NiIsInR5cCI6IkpXVCJ9.eyJ0b2tlbl90eXBlIjoicmVmcmVzaCIsImV4cCI6MTcyNTc4OTA0NywiaWF0IjoxNzI1NzAyNjQ3LCJqdGkiOiJkOWVmZjgyYTE2Yzk0MjM5OGI5MzdiNGE4ZmY5NTdiNSIsInVzZXJfaWQiOiJiNWQ0MzdmYi05YWMwLTRhYjYtOTdhMC1hNGY0NWU4MzcxNDYifQ.g5IpLQ-xV7vuhDX4ZS8aD0XeWY0VAHlub8E52kdVBjU", "created_at": "2024-09-07T09:50:47.450Z", "expires_at": "2024-09-08T09:50:47Z"}}, {"model": "token_blacklist.outstandingtoken", "pk": 13, "fields": {"user": "b5d437fb-9ac0-4ab6-97a0-a4f45e837146", "jti": "dc8d205be3c64d06806643fe37fa596c", "token": "eyJhbGciOiJIUzI1NiIsInR5cCI6IkpXVCJ9.eyJ0b2tlbl90eXBlIjoicmVmcmVzaCIsImV4cCI6MTcyNTc4OTk3NSwiaWF0IjoxNzI1NzAzNTc1LCJqdGkiOiJkYzhkMjA1YmUzYzY0ZDA2ODA2NjQzZmUzN2ZhNTk2YyIsInVzZXJfaWQiOiJiNWQ0MzdmYi05YWMwLTRhYjYtOTdhMC1hNGY0NWU4MzcxNDYifQ.Qp5sjwta5-FuU-rXKrslREROteUhEe9qil6U0-m-i0o", "created_at": "2024-09-07T10:06:15.604Z", "expires_at": "2024-09-08T10:06:15Z"}}, {"model": "token_blacklist.outstandingtoken", "pk": 14, "fields": {"user": "b5d437fb-9ac0-4ab6-97a0-a4f45e837146", "jti": "275c6b7fdc4a4c20b970ecb8f11606f5", "token": "eyJhbGciOiJIUzI1NiIsInR5cCI6IkpXVCJ9.eyJ0b2tlbl90eXBlIjoicmVmcmVzaCIsImV4cCI6MTcyNTc5MTU3OSwiaWF0IjoxNzI1NzA1MTc5LCJqdGkiOiIyNzVjNmI3ZmRjNGE0YzIwYjk3MGVjYjhmMTE2MDZmNSIsInVzZXJfaWQiOiJiNWQ0MzdmYi05YWMwLTRhYjYtOTdhMC1hNGY0NWU4MzcxNDYifQ.6nffOiVjImQmOpJ3nN4GkwlovxisQx3gL2QC23ezkng", "created_at": "2024-09-07T10:32:59.441Z", "expires_at": "2024-09-08T10:32:59Z"}}, {"model": "token_blacklist.outstandingtoken", "pk": 15, "fields": {"user": "b5d437fb-9ac0-4ab6-97a0-a4f45e837146", "jti": "04c1fc0898994b06b7924817fddce434", "token": "eyJhbGciOiJIUzI1NiIsInR5cCI6IkpXVCJ9.eyJ0b2tlbl90eXBlIjoicmVmcmVzaCIsImV4cCI6MTcyNTc5MjYwMCwiaWF0IjoxNzI1NzA2MjAwLCJqdGkiOiIwNGMxZmMwODk4OTk0YjA2Yjc5MjQ4MTdmZGRjZTQzNCIsInVzZXJfaWQiOiJiNWQ0MzdmYi05YWMwLTRhYjYtOTdhMC1hNGY0NWU4MzcxNDYifQ.5QEc4jum4PcZW243kQ77W0Y0KDe9gXaT0Q0PpWrEGLI", "created_at": "2024-09-07T10:50:00.206Z", "expires_at": "2024-09-08T10:50:00Z"}}, {"model": "token_blacklist.outstandingtoken", "pk": 16, "fields": {"user": "b5d437fb-9ac0-4ab6-97a0-a4f45e837146", "jti": "2a271a373601434494e07b3a84f39bad", "token": "eyJhbGciOiJIUzI1NiIsInR5cCI6IkpXVCJ9.eyJ0b2tlbl90eXBlIjoicmVmcmVzaCIsImV4cCI6MTcyNTc5NDUwMywiaWF0IjoxNzI1NzA4MTAzLCJqdGkiOiIyYTI3MWEzNzM2MDE0MzQ0OTRlMDdiM2E4NGYzOWJhZCIsInVzZXJfaWQiOiJiNWQ0MzdmYi05YWMwLTRhYjYtOTdhMC1hNGY0NWU4MzcxNDYifQ.G9AUQLH-_R8NZqMcZYcYBf0-kh1L9piaImgLg9f-h_s", "created_at": "2024-09-07T11:21:43.997Z", "expires_at": "2024-09-08T11:21:43Z"}}, {"model": "token_blacklist.outstandingtoken", "pk": 17, "fields": {"user": "b5d437fb-9ac0-4ab6-97a0-a4f45e837146", "jti": "62256a8fb5f3402db4ec11dbeae1aca7", "token": "eyJhbGciOiJIUzI1NiIsInR5cCI6IkpXVCJ9.eyJ0b2tlbl90eXBlIjoicmVmcmVzaCIsImV4cCI6MTcyNTc5NTgwNSwiaWF0IjoxNzI1NzA5NDA1LCJqdGkiOiI2MjI1NmE4ZmI1ZjM0MDJkYjRlYzExZGJlYWUxYWNhNyIsInVzZXJfaWQiOiJiNWQ0MzdmYi05YWMwLTRhYjYtOTdhMC1hNGY0NWU4MzcxNDYifQ.ViSPa2KBf4_n90PkXVeczLgE1AZAKQVab8ZQS0i_6Wk", "created_at": "2024-09-07T11:43:25.585Z", "expires_at": "2024-09-08T11:43:25Z"}}, {"model": "token_blacklist.outstandingtoken", "pk": 18, "fields": {"user": "b5d437fb-9ac0-4ab6-97a0-a4f45e837146", "jti": "891389b9344942238dbc180a0927e706", "token": "eyJhbGciOiJIUzI1NiIsInR5cCI6IkpXVCJ9.eyJ0b2tlbl90eXBlIjoicmVmcmVzaCIsImV4cCI6MTcyNTc5Njc5NiwiaWF0IjoxNzI1NzEwMzk2LCJqdGkiOiI4OTEzODliOTM0NDk0MjIzOGRiYzE4MGEwOTI3ZTcwNiIsInVzZXJfaWQiOiJiNWQ0MzdmYi05YWMwLTRhYjYtOTdhMC1hNGY0NWU4MzcxNDYifQ.mDoXOnyn-aVvbY7HaoDmJ5IkfFmLxerk8KxnyeLFtk8", "created_at": "2024-09-07T11:59:56.805Z", "expires_at": "2024-09-08T11:59:56Z"}}, {"model": "token_blacklist.outstandingtoken", "pk": 19, "fields": {"user": "b5d437fb-9ac0-4ab6-97a0-a4f45e837146", "jti": "f1c350136ced4b108cd23169143becde", "token": "eyJhbGciOiJIUzI1NiIsInR5cCI6IkpXVCJ9.eyJ0b2tlbl90eXBlIjoicmVmcmVzaCIsImV4cCI6MTcyNTc5NzE0MSwiaWF0IjoxNzI1NzEwNzQxLCJqdGkiOiJmMWMzNTAxMzZjZWQ0YjEwOGNkMjMxNjkxNDNiZWNkZSIsInVzZXJfaWQiOiJiNWQ0MzdmYi05YWMwLTRhYjYtOTdhMC1hNGY0NWU4MzcxNDYifQ.KxCGcd6rHXFh56zPVbSDwSy6Kg2dSv8qcE110jYOPOE", "created_at": "2024-09-07T12:05:41.700Z", "expires_at": "2024-09-08T12:05:41Z"}}, {"model": "token_blacklist.outstandingtoken", "pk": 20, "fields": {"user": "b5d437fb-9ac0-4ab6-97a0-a4f45e837146", "jti": "c096e855f6494f8492359935f829c8a1", "token": "eyJhbGciOiJIUzI1NiIsInR5cCI6IkpXVCJ9.eyJ0b2tlbl90eXBlIjoicmVmcmVzaCIsImV4cCI6MTcyNTg0MzExOSwiaWF0IjoxNzI1NzU2NzE5LCJqdGkiOiJjMDk2ZTg1NWY2NDk0Zjg0OTIzNTk5MzVmODI5YzhhMSIsInVzZXJfaWQiOiJiNWQ0MzdmYi05YWMwLTRhYjYtOTdhMC1hNGY0NWU4MzcxNDYifQ.7OLH_IldyuxNxHjEubEmLali2e_gpFhULIdw2wsshqQ", "created_at": "2024-09-08T00:51:59.615Z", "expires_at": "2024-09-09T00:51:59Z"}}, {"model": "token_blacklist.outstandingtoken", "pk": 21, "fields": {"user": "b5d437fb-9ac0-4ab6-97a0-a4f45e837146", "jti": "d24e4708b0a24056a2ff6fef15e9bff0", "token": "eyJhbGciOiJIUzI1NiIsInR5cCI6IkpXVCJ9.eyJ0b2tlbl90eXBlIjoicmVmcmVzaCIsImV4cCI6MTcyNTg0NDQxOSwiaWF0IjoxNzI1NzU4MDE5LCJqdGkiOiJkMjRlNDcwOGIwYTI0MDU2YTJmZjZmZWYxNWU5YmZmMCIsInVzZXJfaWQiOiJiNWQ0MzdmYi05YWMwLTRhYjYtOTdhMC1hNGY0NWU4MzcxNDYifQ.gjRw5IbHapd2hD6pE53vdLm38q77VlNyFKfcHGDRcDI", "created_at": "2024-09-08T01:13:39.850Z", "expires_at": "2024-09-09T01:13:39Z"}}, {"model": "token_blacklist.outstandingtoken", "pk": 22, "fields": {"user": "b5d437fb-9ac0-4ab6-97a0-a4f45e837146", "jti": "17f79ed991eb4dd796238e3121f31dd8", "token": "eyJhbGciOiJIUzI1NiIsInR5cCI6IkpXVCJ9.eyJ0b2tlbl90eXBlIjoicmVmcmVzaCIsImV4cCI6MTcyNTg0NTkwOSwiaWF0IjoxNzI1NzU5NTA5LCJqdGkiOiIxN2Y3OWVkOTkxZWI0ZGQ3OTYyMzhlMzEyMWYzMWRkOCIsInVzZXJfaWQiOiJiNWQ0MzdmYi05YWMwLTRhYjYtOTdhMC1hNGY0NWU4MzcxNDYifQ.zfu9SrLb1V9n1VlAaIa590sHITK09kW5Gu6PvG-DwCw", "created_at": "2024-09-08T01:38:29.913Z", "expires_at": "2024-09-09T01:38:29Z"}}, {"model": "token_blacklist.outstandingtoken", "pk": 23, "fields": {"user": "b5d437fb-9ac0-4ab6-97a0-a4f45e837146", "jti": "bdb8ce9a675d4989a9a011d45f1634d7", "token": "eyJhbGciOiJIUzI1NiIsInR5cCI6IkpXVCJ9.eyJ0b2tlbl90eXBlIjoicmVmcmVzaCIsImV4cCI6MTcyNTg0NzQ2NywiaWF0IjoxNzI1NzYxMDY3LCJqdGkiOiJiZGI4Y2U5YTY3NWQ0OTg5YTlhMDExZDQ1ZjE2MzRkNyIsInVzZXJfaWQiOiJiNWQ0MzdmYi05YWMwLTRhYjYtOTdhMC1hNGY0NWU4MzcxNDYifQ.clpGA5gWVgNkyUDgK7NTFOu_AgyI5SGF5w9WK6BhmaI", "created_at": "2024-09-08T02:04:27.655Z", "expires_at": "2024-09-09T02:04:27Z"}}, {"model": "token_blacklist.outstandingtoken", "pk": 24, "fields": {"user": "b5d437fb-9ac0-4ab6-97a0-a4f45e837146", "jti": "f903dd34b147470799c79c38723e30b5", "token": "eyJhbGciOiJIUzI1NiIsInR5cCI6IkpXVCJ9.eyJ0b2tlbl90eXBlIjoicmVmcmVzaCIsImV4cCI6MTcyNjA5MTA3NSwiaWF0IjoxNzI2MDA0Njc1LCJqdGkiOiJmOTAzZGQzNGIxNDc0NzA3OTljNzljMzg3MjNlMzBiNSIsInVzZXJfaWQiOiJiNWQ0MzdmYi05YWMwLTRhYjYtOTdhMC1hNGY0NWU4MzcxNDYifQ._l0PgJZfW-gMaVSgMMdho0lEIClDKYss73fFRxFSrvQ", "created_at": "2024-09-10T21:44:35.933Z", "expires_at": "2024-09-11T21:44:35Z"}}, {"model": "token_blacklist.outstandingtoken", "pk": 25, "fields": {"user": "b5d437fb-9ac0-4ab6-97a0-a4f45e837146", "jti": "006321cb1e08407eacb0255e134f8171", "token": "eyJhbGciOiJIUzI1NiIsInR5cCI6IkpXVCJ9.eyJ0b2tlbl90eXBlIjoicmVmcmVzaCIsImV4cCI6MTcyNjA5MjE1MSwiaWF0IjoxNzI2MDA1NzUxLCJqdGkiOiIwMDYzMjFjYjFlMDg0MDdlYWNiMDI1NWUxMzRmODE3MSIsInVzZXJfaWQiOiJiNWQ0MzdmYi05YWMwLTRhYjYtOTdhMC1hNGY0NWU4MzcxNDYifQ.cS4bnaA9jl28tHYnnqNdY1kDMGjVjbBXbhc1kRhaec4", "created_at": "2024-09-10T22:02:31.285Z", "expires_at": "2024-09-11T22:02:31Z"}}, {"model": "token_blacklist.outstandingtoken", "pk": 26, "fields": {"user": "b5d437fb-9ac0-4ab6-97a0-a4f45e837146", "jti": "a2f598e6cedc41138f6cb1683e957cd1", "token": "eyJhbGciOiJIUzI1NiIsInR5cCI6IkpXVCJ9.eyJ0b2tlbl90eXBlIjoicmVmcmVzaCIsImV4cCI6MTcyNjA5Mzc4OSwiaWF0IjoxNzI2MDA3Mzg5LCJqdGkiOiJhMmY1OThlNmNlZGM0MTEzOGY2Y2IxNjgzZTk1N2NkMSIsInVzZXJfaWQiOiJiNWQ0MzdmYi05YWMwLTRhYjYtOTdhMC1hNGY0NWU4MzcxNDYifQ.z-cJftnckyMLUnPgtMIxEPA5rZluC5TwC71rc535g7o", "created_at": "2024-09-10T22:29:49.252Z", "expires_at": "2024-09-11T22:29:49Z"}}, {"model": "token_blacklist.outstandingtoken", "pk": 27, "fields": {"user": "b5d437fb-9ac0-4ab6-97a0-a4f45e837146", "jti": "bf443e0893b745e1b77d84875a2968ec", "token": "eyJhbGciOiJIUzI1NiIsInR5cCI6IkpXVCJ9.eyJ0b2tlbl90eXBlIjoicmVmcmVzaCIsImV4cCI6MTcyNjA5NDg4OCwiaWF0IjoxNzI2MDA4NDg4LCJqdGkiOiJiZjQ0M2UwODkzYjc0NWUxYjc3ZDg0ODc1YTI5NjhlYyIsInVzZXJfaWQiOiJiNWQ0MzdmYi05YWMwLTRhYjYtOTdhMC1hNGY0NWU4MzcxNDYifQ.HzSFJUVky3iJMVW9xedFGD_UlqsGOxTp76h1xHjqFRY", "created_at": "2024-09-10T22:48:08.336Z", "expires_at": "2024-09-11T22:48:08Z"}}, {"model": "token_blacklist.outstandingtoken", "pk": 28, "fields": {"user": "b5d437fb-9ac0-4ab6-97a0-a4f45e837146", "jti": "06e8d21dbc9f46e08165981761e54ace", "token": "eyJhbGciOiJIUzI1NiIsInR5cCI6IkpXVCJ9.eyJ0b2tlbl90eXBlIjoicmVmcmVzaCIsImV4cCI6MTcyNjA5NTg2OCwiaWF0IjoxNzI2MDA5NDY4LCJqdGkiOiIwNmU4ZDIxZGJjOWY0NmUwODE2NTk4MTc2MWU1NGFjZSIsInVzZXJfaWQiOiJiNWQ0MzdmYi05YWMwLTRhYjYtOTdhMC1hNGY0NWU4MzcxNDYifQ.3IdFJ_-N4zdCgYWWDKqx1MDF39c4_gMavIVvyX7OzIo", "created_at": "2024-09-10T23:04:28.375Z", "expires_at": "2024-09-11T23:04:28Z"}}, {"model": "token_blacklist.outstandingtoken", "pk": 29, "fields": {"user": "b5d437fb-9ac0-4ab6-97a0-a4f45e837146", "jti": "bfc37cf3b7fd470ea3f4750a86a6a329", "token": "eyJhbGciOiJIUzI1NiIsInR5cCI6IkpXVCJ9.eyJ0b2tlbl90eXBlIjoicmVmcmVzaCIsImV4cCI6MTcyNjA5ODQxNiwiaWF0IjoxNzI2MDEyMDE2LCJqdGkiOiJiZmMzN2NmM2I3ZmQ0NzBlYTNmNDc1MGE4NmE2YTMyOSIsInVzZXJfaWQiOiJiNWQ0MzdmYi05YWMwLTRhYjYtOTdhMC1hNGY0NWU4MzcxNDYifQ.3DgS7Tny0zKr3ZAHAKvO6J0D8xud62oxI6pHniaq96c", "created_at": "2024-09-10T23:46:56.332Z", "expires_at": "2024-09-11T23:46:56Z"}}, {"model": "token_blacklist.outstandingtoken", "pk": 30, "fields": {"user": "b5d437fb-9ac0-4ab6-97a0-a4f45e837146", "jti": "4ce08724644a4281b39b03853af72334", "token": "eyJhbGciOiJIUzI1NiIsInR5cCI6IkpXVCJ9.eyJ0b2tlbl90eXBlIjoicmVmcmVzaCIsImV4cCI6MTcyNjA5OTY2NCwiaWF0IjoxNzI2MDEzMjY0LCJqdGkiOiI0Y2UwODcyNDY0NGE0MjgxYjM5YjAzODUzYWY3MjMzNCIsInVzZXJfaWQiOiJiNWQ0MzdmYi05YWMwLTRhYjYtOTdhMC1hNGY0NWU4MzcxNDYifQ.RQAmlWKc03iyIgDf6qdKzr4RVebEeQUM3shd_QwPgok", "created_at": "2024-09-11T00:07:44.676Z", "expires_at": "2024-09-12T00:07:44Z"}}, {"model": "token_blacklist.outstandingtoken", "pk": 31, "fields": {"user": "b5d437fb-9ac0-4ab6-97a0-a4f45e837146", "jti": "6c538fdb8dcd433bbacd2472ec5ad4b7", "token": "eyJhbGciOiJIUzI1NiIsInR5cCI6IkpXVCJ9.eyJ0b2tlbl90eXBlIjoicmVmcmVzaCIsImV4cCI6MTcyNjEyOTA5MiwiaWF0IjoxNzI2MDQyNjkyLCJqdGkiOiI2YzUzOGZkYjhkY2Q0MzNiYmFjZDI0NzJlYzVhZDRiNyIsInVzZXJfaWQiOiJiNWQ0MzdmYi05YWMwLTRhYjYtOTdhMC1hNGY0NWU4MzcxNDYifQ.iXvm_rn8Q80eUc6GMVP0OmF7HeWTm5pg1JnWkuaqjRs", "created_at": "2024-09-11T08:18:12.795Z", "expires_at": "2024-09-12T08:18:12Z"}}, {"model": "token_blacklist.outstandingtoken", "pk": 32, "fields": {"user": "b5d437fb-9ac0-4ab6-97a0-a4f45e837146", "jti": "cf82ceddc2aa4db8abe3ec39b86b1c53", "token": "eyJhbGciOiJIUzI1NiIsInR5cCI6IkpXVCJ9.eyJ0b2tlbl90eXBlIjoicmVmcmVzaCIsImV4cCI6MTcyNjE1MjE0MiwiaWF0IjoxNzI2MDY1NzQyLCJqdGkiOiJjZjgyY2VkZGMyYWE0ZGI4YWJlM2VjMzliODZiMWM1MyIsInVzZXJfaWQiOiJiNWQ0MzdmYi05YWMwLTRhYjYtOTdhMC1hNGY0NWU4MzcxNDYifQ.wcza3aYBCj5ZpmnFuNGoVlTyZJzzThPw_ogOv8zsSfQ", "created_at": "2024-09-11T14:42:22.157Z", "expires_at": "2024-09-12T14:42:22Z"}}, {"model": "token_blacklist.outstandingtoken", "pk": 33, "fields": {"user": "b5d437fb-9ac0-4ab6-97a0-a4f45e837146", "jti": "423622686f19463ea33e28aa5e4fc06b", "token": "eyJhbGciOiJIUzI1NiIsInR5cCI6IkpXVCJ9.eyJ0b2tlbl90eXBlIjoicmVmcmVzaCIsImV4cCI6MTcyNjE2NzM1MywiaWF0IjoxNzI2MDgwOTUzLCJqdGkiOiI0MjM2MjI2ODZmMTk0NjNlYTMzZTI4YWE1ZTRmYzA2YiIsInVzZXJfaWQiOiJiNWQ0MzdmYi05YWMwLTRhYjYtOTdhMC1hNGY0NWU4MzcxNDYifQ.p_kDadPd7CIQSP_B8WR-IP03j1_lXsTaEueUxcVZcHQ", "created_at": "2024-09-11T18:55:53.817Z", "expires_at": "2024-09-12T18:55:53Z"}}, {"model": "token_blacklist.outstandingtoken", "pk": 34, "fields": {"user": "b5d437fb-9ac0-4ab6-97a0-a4f45e837146", "jti": "60deac5286d44545a0e590ce87738076", "token": "eyJhbGciOiJIUzI1NiIsInR5cCI6IkpXVCJ9.eyJ0b2tlbl90eXBlIjoicmVmcmVzaCIsImV4cCI6MTcyNjE3Mjc0MCwiaWF0IjoxNzI2MDg2MzQwLCJqdGkiOiI2MGRlYWM1Mjg2ZDQ0NTQ1YTBlNTkwY2U4NzczODA3NiIsInVzZXJfaWQiOiJiNWQ0MzdmYi05YWMwLTRhYjYtOTdhMC1hNGY0NWU4MzcxNDYifQ.vpECY0wPyg-3E-viLhfT7qpf4U3GrnqW4RlP6qGXV9M", "created_at": "2024-09-11T20:25:40.200Z", "expires_at": "2024-09-12T20:25:40Z"}}, {"model": "token_blacklist.outstandingtoken", "pk": 35, "fields": {"user": "b5d437fb-9ac0-4ab6-97a0-a4f45e837146", "jti": "ef0bd485e14b433883eee6ce0fdcc5b5", "token": "eyJhbGciOiJIUzI1NiIsInR5cCI6IkpXVCJ9.eyJ0b2tlbl90eXBlIjoicmVmcmVzaCIsImV4cCI6MTcyNjE3Mjc0MCwiaWF0IjoxNzI2MDg2MzQwLCJqdGkiOiJlZjBiZDQ4NWUxNGI0MzM4ODNlZWU2Y2UwZmRjYzViNSIsInVzZXJfaWQiOiJiNWQ0MzdmYi05YWMwLTRhYjYtOTdhMC1hNGY0NWU4MzcxNDYifQ.mNvnpzdagMmIi7OWbSG9BRS4Qf9rHdsCa6sgDJR2ebA", "created_at": "2024-09-11T20:25:40.214Z", "expires_at": "2024-09-12T20:25:40Z"}}, {"model": "token_blacklist.outstandingtoken", "pk": 36, "fields": {"user": "7eb617b0-2f78-4699-a729-163e779782df", "jti": "95dae2c0b7da4379bf40ce17718f1e79", "token": "eyJhbGciOiJIUzI1NiIsInR5cCI6IkpXVCJ9.eyJ0b2tlbl90eXBlIjoicmVmcmVzaCIsImV4cCI6MTcyNjE3NDY5NiwiaWF0IjoxNzI2MDg4Mjk2LCJqdGkiOiI5NWRhZTJjMGI3ZGE0Mzc5YmY0MGNlMTc3MThmMWU3OSIsInVzZXJfaWQiOiI3ZWI2MTdiMC0yZjc4LTQ2OTktYTcyOS0xNjNlNzc5NzgyZGYifQ.FFiHEMhXdQrvwLwgotmpmqK0Os9Aq3r0OIGMJRH3VrU", "created_at": "2024-09-11T20:58:16.575Z", "expires_at": "2024-09-12T20:58:16Z"}}, {"model": "token_blacklist.outstandingtoken", "pk": 37, "fields": {"user": "f1520c32-22ea-4c57-b321-b252e7332d92", "jti": "76d46e6239774ae5b1d4e1be0df98868", "token": "eyJhbGciOiJIUzI1NiIsInR5cCI6IkpXVCJ9.eyJ0b2tlbl90eXBlIjoicmVmcmVzaCIsImV4cCI6MTcyNjE3OTkwMywiaWF0IjoxNzI2MDkzNTAzLCJqdGkiOiI3NmQ0NmU2MjM5Nzc0YWU1YjFkNGUxYmUwZGY5ODg2OCIsInVzZXJfaWQiOiJmMTUyMGMzMi0yMmVhLTRjNTctYjMyMS1iMjUyZTczMzJkOTIifQ.0t00s8ZgfI6ofw1HWqEUIfQriCYj7VSi_3_B-Ipbz1w", "created_at": "2024-09-11T22:25:03.644Z", "expires_at": "2024-09-12T22:25:03Z"}}, {"model": "token_blacklist.outstandingtoken", "pk": 38, "fields": {"user": "c474e7ab-e868-4608-8007-105a15e18acf", "jti": "54e900c9240945769a90b0e67de9dc65", "token": "eyJhbGciOiJIUzI1NiIsInR5cCI6IkpXVCJ9.eyJ0b2tlbl90eXBlIjoicmVmcmVzaCIsImV4cCI6MTcyNjE4ODA0NSwiaWF0IjoxNzI2MTAxNjQ1LCJqdGkiOiI1NGU5MDBjOTI0MDk0NTc2OWE5MGIwZTY3ZGU5ZGM2NSIsInVzZXJfaWQiOiJjNDc0ZTdhYi1lODY4LTQ2MDgtODAwNy0xMDVhMTVlMThhY2YifQ.hxr04skMsp0gFvPaaRcBrBmqKoJ_V23YwWFqGdp5_9E", "created_at": "2024-09-12T00:40:45.494Z", "expires_at": "2024-09-13T00:40:45Z"}}, {"model": "token_blacklist.outstandingtoken", "pk": 39, "fields": {"user": "c474e7ab-e868-4608-8007-105a15e18acf", "jti": "fa865867321a4145b53ea81e647597b5", "token": "eyJhbGciOiJIUzI1NiIsInR5cCI6IkpXVCJ9.eyJ0b2tlbl90eXBlIjoicmVmcmVzaCIsImV4cCI6MTcyNjIxNTQ3NSwiaWF0IjoxNzI2MTI5MDc1LCJqdGkiOiJmYTg2NTg2NzMyMWE0MTQ1YjUzZWE4MWU2NDc1OTdiNSIsInVzZXJfaWQiOiJjNDc0ZTdhYi1lODY4LTQ2MDgtODAwNy0xMDVhMTVlMThhY2YifQ.UR1j3aM2PNqH9Tmoh55YQpHcrus-sMl8TK_cqANcpJg", "created_at": "2024-09-12T08:17:55.866Z", "expires_at": "2024-09-13T08:17:55Z"}}, {"model": "token_blacklist.outstandingtoken", "pk": 40, "fields": {"user": "c474e7ab-e868-4608-8007-105a15e18acf", "jti": "30d0d8656aef4b13abd52a69d252a12d", "token": "eyJhbGciOiJIUzI1NiIsInR5cCI6IkpXVCJ9.eyJ0b2tlbl90eXBlIjoicmVmcmVzaCIsImV4cCI6MTcyNjIyNzU1MywiaWF0IjoxNzI2MTQxMTUzLCJqdGkiOiIzMGQwZDg2NTZhZWY0YjEzYWJkNTJhNjlkMjUyYTEyZCIsInVzZXJfaWQiOiJjNDc0ZTdhYi1lODY4LTQ2MDgtODAwNy0xMDVhMTVlMThhY2YifQ.BOJrbBvwIb7tPuTkrVOfN9FbKy8F1tgB8nYUMCHnnic", "created_at": "2024-09-12T11:39:13.663Z", "expires_at": "2024-09-13T11:39:13Z"}}, {"model": "token_blacklist.outstandingtoken", "pk": 41, "fields": {"user": "41790850-53bd-41a3-a6d9-0f7d5d0a2700", "jti": "13e50f6625dc491584a358d5ee535b53", "token": "eyJhbGciOiJIUzI1NiIsInR5cCI6IkpXVCJ9.eyJ0b2tlbl90eXBlIjoicmVmcmVzaCIsImV4cCI6MTcyNjIyODE4NiwiaWF0IjoxNzI2MTQxNzg2LCJqdGkiOiIxM2U1MGY2NjI1ZGM0OTE1ODRhMzU4ZDVlZTUzNWI1MyIsInVzZXJfaWQiOiI0MTc5MDg1MC01M2JkLTQxYTMtYTZkOS0wZjdkNWQwYTI3MDAifQ.CrAEYy5x62I4vWEgIrX4r00_GauWU-l9kRy0HpfLNng", "created_at": "2024-09-12T11:49:46.522Z", "expires_at": "2024-09-13T11:49:46Z"}}, {"model": "token_blacklist.outstandingtoken", "pk": 42, "fields": {"user": "c474e7ab-e868-4608-8007-105a15e18acf", "jti": "aad0c5c384aa424e96e73d5ff2458066", "token": "eyJhbGciOiJIUzI1NiIsInR5cCI6IkpXVCJ9.eyJ0b2tlbl90eXBlIjoicmVmcmVzaCIsImV4cCI6MTcyNjIzMTA5MCwiaWF0IjoxNzI2MTQ0NjkwLCJqdGkiOiJhYWQwYzVjMzg0YWE0MjRlOTZlNzNkNWZmMjQ1ODA2NiIsInVzZXJfaWQiOiJjNDc0ZTdhYi1lODY4LTQ2MDgtODAwNy0xMDVhMTVlMThhY2YifQ.foqUwo0LycQ5IOOrkh_UBxSXxsWSeat27H2VrdcX7so", "created_at": "2024-09-12T12:38:10.058Z", "expires_at": "2024-09-13T12:38:10Z"}}, {"model": "token_blacklist.outstandingtoken", "pk": 43, "fields": {"user": "b5d437fb-9ac0-4ab6-97a0-a4f45e837146", "jti": "aa1eeb010f5641e6a4d39301c671acb5", "token": "eyJhbGciOiJIUzI1NiIsInR5cCI6IkpXVCJ9.eyJ0b2tlbl90eXBlIjoicmVmcmVzaCIsImV4cCI6MTcyNjIzMTMwOCwiaWF0IjoxNzI2MTQ0OTA4LCJqdGkiOiJhYTFlZWIwMTBmNTY0MWU2YTRkMzkzMDFjNjcxYWNiNSIsInVzZXJfaWQiOiJiNWQ0MzdmYi05YWMwLTRhYjYtOTdhMC1hNGY0NWU4MzcxNDYifQ.rYTDVpgKRCJiT6rAcm7lF6nT2XHz7anehEE4FYnKHkg", "created_at": "2024-09-12T12:41:48.067Z", "expires_at": "2024-09-13T12:41:48Z"}}, {"model": "token_blacklist.outstandingtoken", "pk": 44, "fields": {"user": "3685caed-61bd-41e8-bdc4-d0714294e3c2", "jti": "eec57f5cd7c14c64819cc59f1775a87d", "token": "eyJhbGciOiJIUzI1NiIsInR5cCI6IkpXVCJ9.eyJ0b2tlbl90eXBlIjoicmVmcmVzaCIsImV4cCI6MTcyNjI0NjU3MiwiaWF0IjoxNzI2MTYwMTcyLCJqdGkiOiJlZWM1N2Y1Y2Q3YzE0YzY0ODE5Y2M1OWYxNzc1YTg3ZCIsInVzZXJfaWQiOiIzNjg1Y2FlZC02MWJkLTQxZTgtYmRjNC1kMDcxNDI5NGUzYzIifQ.osyoCT29JfKaPbt9ncw-tOPuRQt1aIWJn4-4pu-wlao", "created_at": "2024-09-12T16:56:12.369Z", "expires_at": "2024-09-13T16:56:12Z"}}, {"model": "token_blacklist.outstandingtoken", "pk": 45, "fields": {"user": "c8740c48-1cac-467c-b51a-27a22d708e09", "jti": "06e8739089874bedb2bf8f88df2d28d0", "token": "eyJhbGciOiJIUzI1NiIsInR5cCI6IkpXVCJ9.eyJ0b2tlbl90eXBlIjoicmVmcmVzaCIsImV4cCI6MTcyNjM0NTYxNywiaWF0IjoxNzI2MjU5MjE3LCJqdGkiOiIwNmU4NzM5MDg5ODc0YmVkYjJiZjhmODhkZjJkMjhkMCIsInVzZXJfaWQiOiJjODc0MGM0OC0xY2FjLTQ2N2MtYjUxYS0yN2EyMmQ3MDhlMDkifQ.tbG1NGD6HYkWhdl-kHB8UETdbELmhFdThCfJKLf42Mw", "created_at": "2024-09-13T20:26:57.927Z", "expires_at": "2024-09-14T20:26:57Z"}}, {"model": "token_blacklist.outstandingtoken", "pk": 46, "fields": {"user": "c474e7ab-e868-4608-8007-105a15e18acf", "jti": "411ad515b15d4461a787eb07151057a4", "token": "eyJhbGciOiJIUzI1NiIsInR5cCI6IkpXVCJ9.eyJ0b2tlbl90eXBlIjoicmVmcmVzaCIsImV4cCI6MTcyNjM0NzkxNywiaWF0IjoxNzI2MjYxNTE3LCJqdGkiOiI0MTFhZDUxNWIxNWQ0NDYxYTc4N2ViMDcxNTEwNTdhNCIsInVzZXJfaWQiOiJjNDc0ZTdhYi1lODY4LTQ2MDgtODAwNy0xMDVhMTVlMThhY2YifQ.UmBol2WniXU1Tq0FC3Fz6yDzXP-OsShs1NDJL8H-mdg", "created_at": "2024-09-13T21:05:17.737Z", "expires_at": "2024-09-14T21:05:17Z"}}, {"model": "token_blacklist.outstandingtoken", "pk": 47, "fields": {"user": "c474e7ab-e868-4608-8007-105a15e18acf", "jti": "b83a5ecf5559428ebe7c7ea7429e7e1f", "token": "eyJhbGciOiJIUzI1NiIsInR5cCI6IkpXVCJ9.eyJ0b2tlbl90eXBlIjoicmVmcmVzaCIsImV4cCI6MTcyNjM0Nzk1NCwiaWF0IjoxNzI2MjYxNTU0LCJqdGkiOiJiODNhNWVjZjU1NTk0MjhlYmU3YzdlYTc0MjllN2UxZiIsInVzZXJfaWQiOiJjNDc0ZTdhYi1lODY4LTQ2MDgtODAwNy0xMDVhMTVlMThhY2YifQ.uK07Uc4yWdIugE1wzSk0sAbSiFI0-Yps_945VeOLJlQ", "created_at": "2024-09-13T21:05:54.939Z", "expires_at": "2024-09-14T21:05:54Z"}}, {"model": "token_blacklist.outstandingtoken", "pk": 48, "fields": {"user": "c8740c48-1cac-467c-b51a-27a22d708e09", "jti": "eba98ede212f424886a237fe555492eb", "token": "eyJhbGciOiJIUzI1NiIsInR5cCI6IkpXVCJ9.eyJ0b2tlbl90eXBlIjoicmVmcmVzaCIsImV4cCI6MTcyNjM0OTAyMCwiaWF0IjoxNzI2MjYyNjIwLCJqdGkiOiJlYmE5OGVkZTIxMmY0MjQ4ODZhMjM3ZmU1NTU0OTJlYiIsInVzZXJfaWQiOiJjODc0MGM0OC0xY2FjLTQ2N2MtYjUxYS0yN2EyMmQ3MDhlMDkifQ.awrUrCV-y5Km7SwIsmQyMjkBj9xypee7-BlQTIztxMM", "created_at": "2024-09-13T21:23:40.800Z", "expires_at": "2024-09-14T21:23:40Z"}}, {"model": "token_blacklist.outstandingtoken", "pk": 49, "fields": {"user": "c474e7ab-e868-4608-8007-105a15e18acf", "jti": "9f210179f464481384f88c4a6167d877", "token": "eyJhbGciOiJIUzI1NiIsInR5cCI6IkpXVCJ9.eyJ0b2tlbl90eXBlIjoicmVmcmVzaCIsImV4cCI6MTcyNjM1NTA0MywiaWF0IjoxNzI2MjY4NjQzLCJqdGkiOiI5ZjIxMDE3OWY0NjQ0ODEzODRmODhjNGE2MTY3ZDg3NyIsInVzZXJfaWQiOiJjNDc0ZTdhYi1lODY4LTQ2MDgtODAwNy0xMDVhMTVlMThhY2YifQ.nWmHGTEUwWmLtNR0xTyfHtmj6K76l9OrhLXiBMnWJDw", "created_at": "2024-09-13T23:04:03.966Z", "expires_at": "2024-09-14T23:04:03Z"}}, {"model": "token_blacklist.outstandingtoken", "pk": 50, "fields": {"user": "c474e7ab-e868-4608-8007-105a15e18acf", "jti": "b10eea16aea6454e8794807a8a23293e", "token": "eyJhbGciOiJIUzI1NiIsInR5cCI6IkpXVCJ9.eyJ0b2tlbl90eXBlIjoicmVmcmVzaCIsImV4cCI6MTcyNjM1ODE4MiwiaWF0IjoxNzI2MjcxNzgyLCJqdGkiOiJiMTBlZWExNmFlYTY0NTRlODc5NDgwN2E4YTIzMjkzZSIsInVzZXJfaWQiOiJjNDc0ZTdhYi1lODY4LTQ2MDgtODAwNy0xMDVhMTVlMThhY2YifQ.kS4vGIpV_E9xvUi_el8aTQ6Nlnjxlk-ZkchReGrTnYg", "created_at": "2024-09-13T23:56:22.770Z", "expires_at": "2024-09-14T23:56:22Z"}}, {"model": "token_blacklist.outstandingtoken", "pk": 51, "fields": {"user": "b5d437fb-9ac0-4ab6-97a0-a4f45e837146", "jti": "ab93c5c7679a4547a954c1009af4beeb", "token": "eyJhbGciOiJIUzI1NiIsInR5cCI6IkpXVCJ9.eyJ0b2tlbl90eXBlIjoicmVmcmVzaCIsImV4cCI6MTcyNjM1OTEzMywiaWF0IjoxNzI2MjcyNzMzLCJqdGkiOiJhYjkzYzVjNzY3OWE0NTQ3YTk1NGMxMDA5YWY0YmVlYiIsInVzZXJfaWQiOiJiNWQ0MzdmYi05YWMwLTRhYjYtOTdhMC1hNGY0NWU4MzcxNDYifQ.sMfKIytf02RdoGpwzdx2eokGn-H5Z2TytR0mcn8o7hY", "created_at": "2024-09-14T00:12:13.631Z", "expires_at": "2024-09-15T00:12:13Z"}}, {"model": "token_blacklist.outstandingtoken", "pk": 52, "fields": {"user": "c474e7ab-e868-4608-8007-105a15e18acf", "jti": "827c0de866f34f728e8dbef7826ff625", "token": "eyJhbGciOiJIUzI1NiIsInR5cCI6IkpXVCJ9.eyJ0b2tlbl90eXBlIjoicmVmcmVzaCIsImV4cCI6MTczNjY2ODExNCwiaWF0IjoxNzI2MzAwMTE0LCJqdGkiOiI4MjdjMGRlODY2ZjM0ZjcyOGU4ZGJlZjc4MjZmZjYyNSIsInVzZXJfaWQiOiJjNDc0ZTdhYi1lODY4LTQ2MDgtODAwNy0xMDVhMTVlMThhY2YifQ.f0ndBkNwbCW28ARLFwU8os9NC5cURl1SvuVb9NsQN8U", "created_at": "2024-09-14T07:48:34.609Z", "expires_at": "2025-01-12T07:48:34Z"}}, {"model": "token_blacklist.outstandingtoken", "pk": 53, "fields": {"user": null, "jti": "6259dea6e86b4aca871295f046a5f626", "token": "eyJhbGciOiJIUzI1NiIsInR5cCI6IkpXVCJ9.eyJ0b2tlbl90eXBlIjoicmVmcmVzaCIsImV4cCI6MTczNjY5MDcxOSwiaWF0IjoxNzI2MzIyNzE5LCJqdGkiOiI2MjU5ZGVhNmU4NmI0YWNhODcxMjk1ZjA0NmE1ZjYyNiIsInVzZXJfaWQiOiIxZjg1M2U5Yy1hYzNlLTRlZDEtOTUwOC1iMTBjMTNhZDA0NmMifQ.7BbtSVH_Fe2TN3VQcgY999pUBSIiV_ztSIcoh5KvEnY", "created_at": "2024-09-14T14:05:19.986Z", "expires_at": "2025-01-12T14:05:19Z"}}, {"model": "token_blacklist.outstandingtoken", "pk": 54, "fields": {"user": null, "jti": "c4237202083949cab7c230fcf1d7f0e7", "token": "eyJhbGciOiJIUzI1NiIsInR5cCI6IkpXVCJ9.eyJ0b2tlbl90eXBlIjoicmVmcmVzaCIsImV4cCI6MTczNjY5MDg1MSwiaWF0IjoxNzI2MzIyODUxLCJqdGkiOiJjNDIzNzIwMjA4Mzk0OWNhYjdjMjMwZmNmMWQ3ZjBlNyIsInVzZXJfaWQiOiI5MzAxZGUwMi01MGExLTQ5YzAtOTAyYi1jODgwMDVjYzMyMTcifQ.8qc9cpUOutygPWHxovI09RUzial3VdKOmbDq51EAVX0", "created_at": "2024-09-14T14:07:31.849Z", "expires_at": "2025-01-12T14:07:31Z"}}, {"model": "token_blacklist.outstandingtoken", "pk": 55, "fields": {"user": null, "jti": "33d35ec996934d7eb450200fb4273231", "token": "eyJhbGciOiJIUzI1NiIsInR5cCI6IkpXVCJ9.eyJ0b2tlbl90eXBlIjoicmVmcmVzaCIsImV4cCI6MTczNjY5MTEzNywiaWF0IjoxNzI2MzIzMTM3LCJqdGkiOiIzM2QzNWVjOTk2OTM0ZDdlYjQ1MDIwMGZiNDI3MzIzMSIsInVzZXJfaWQiOiI3NDJjMWEzMy1lYWRmLTQ3ZTQtYTNhOS1lYzg3YWYyZDA2YTYifQ.ZA0wsBRzm5nEUYredzg7vZ7jqdjKfKfbQH73BzPyuo0", "created_at": "2024-09-14T14:12:17.649Z", "expires_at": "2025-01-12T14:12:17Z"}}, {"model": "token_blacklist.outstandingtoken", "pk": 56, "fields": {"user": null, "jti": "05063db7b61542cdb77b4e83be5f2d94", "token": "eyJhbGciOiJIUzI1NiIsInR5cCI6IkpXVCJ9.eyJ0b2tlbl90eXBlIjoicmVmcmVzaCIsImV4cCI6MTczNjY5MTM5MCwiaWF0IjoxNzI2MzIzMzkwLCJqdGkiOiIwNTA2M2RiN2I2MTU0MmNkYjc3YjRlODNiZTVmMmQ5NCIsInVzZXJfaWQiOiIxYTkzN2Q1OS1kOGViLTQzZGEtYTAxMy00NzRiMDI0ZjA5NTYifQ.1xhVKky18jo9wyFnPZpO9aogZl_3qxDWb4iooNzi1FM", "created_at": "2024-09-14T14:16:30.473Z", "expires_at": "2025-01-12T14:16:30Z"}}, {"model": "token_blacklist.outstandingtoken", "pk": 57, "fields": {"user": null, "jti": "13f0762298b54c338aaf7bc53145b84e", "token": "eyJhbGciOiJIUzI1NiIsInR5cCI6IkpXVCJ9.eyJ0b2tlbl90eXBlIjoicmVmcmVzaCIsImV4cCI6MTczNjY5MzYyOSwiaWF0IjoxNzI2MzI1NjI5LCJqdGkiOiIxM2YwNzYyMjk4YjU0YzMzOGFhZjdiYzUzMTQ1Yjg0ZSIsInVzZXJfaWQiOiI4NjBmY2ExYS1lZTg1LTQ0ZTYtOGI3NC0yMzFlZjAxMTk1NTEifQ.hAgnlhUXsbOAxn1tNkYPcszGUbAomIhPTo050NqlQmE", "created_at": "2024-09-14T14:53:49.855Z", "expires_at": "2025-01-12T14:53:49Z"}}, {"model": "token_blacklist.outstandingtoken", "pk": 58, "fields": {"user": null, "jti": "27806f4b2d044395be3b48f11f564015", "token": "eyJhbGciOiJIUzI1NiIsInR5cCI6IkpXVCJ9.eyJ0b2tlbl90eXBlIjoicmVmcmVzaCIsImV4cCI6MTczNjY5NDMzOSwiaWF0IjoxNzI2MzI2MzM5LCJqdGkiOiIyNzgwNmY0YjJkMDQ0Mzk1YmUzYjQ4ZjExZjU2NDAxNSIsInVzZXJfaWQiOiJkNTNlOTBhMC02ZGU0LTQzZjQtOTk4Mi1lNjNiMzZiZWM3MDYifQ.xhxwnyTRrC7rdTdlFt8jOxV9VqoNrb2U0HkxEOTonOA", "created_at": "2024-09-14T15:05:39.089Z", "expires_at": "2025-01-12T15:05:39Z"}}, {"model": "token_blacklist.outstandingtoken", "pk": 59, "fields": {"user": "9919f819-2d1d-4446-b23a-bbd468bd61bf", "jti": "155cb13512954523a07aedabd217279b", "token": "eyJhbGciOiJIUzI1NiIsInR5cCI6IkpXVCJ9.eyJ0b2tlbl90eXBlIjoicmVmcmVzaCIsImV4cCI6MTczNjY5ODM0MCwiaWF0IjoxNzI2MzMwMzQwLCJqdGkiOiIxNTVjYjEzNTEyOTU0NTIzYTA3YWVkYWJkMjE3Mjc5YiIsInVzZXJfaWQiOiI5OTE5ZjgxOS0yZDFkLTQ0NDYtYjIzYS1iYmQ0NjhiZDYxYmYifQ.0mtMz8jaxvxXp-OWkq2uEzStKKFqsd2N-WglHrCmX4E", "created_at": "2024-09-14T16:12:20.795Z", "expires_at": "2025-01-12T16:12:20Z"}}, {"model": "token_blacklist.outstandingtoken", "pk": 60, "fields": {"user": "9919f819-2d1d-4446-b23a-bbd468bd61bf", "jti": "77ecacec54474c7f89415a89d3a50b22", "token": "eyJhbGciOiJIUzI1NiIsInR5cCI6IkpXVCJ9.eyJ0b2tlbl90eXBlIjoicmVmcmVzaCIsImV4cCI6MTczNjcwNDU0MSwiaWF0IjoxNzI2MzM2NTQxLCJqdGkiOiI3N2VjYWNlYzU0NDc0YzdmODk0MTVhODlkM2E1MGIyMiIsInVzZXJfaWQiOiI5OTE5ZjgxOS0yZDFkLTQ0NDYtYjIzYS1iYmQ0NjhiZDYxYmYifQ.zthxgoCbT1r-PSa52UojKDTQ2hsHcz9WfgCpeW3aTHA", "created_at": "2024-09-14T17:55:41.207Z", "expires_at": "2025-01-12T17:55:41Z"}}, {"model": "token_blacklist.outstandingtoken", "pk": 61, "fields": {"user": null, "jti": "4afe1bdc8a2c46dca1eecfdfcff1f0cf", "token": "eyJhbGciOiJIUzI1NiIsInR5cCI6IkpXVCJ9.eyJ0b2tlbl90eXBlIjoicmVmcmVzaCIsImV4cCI6MTczNjcwNjU0OCwiaWF0IjoxNzI2MzM4NTQ4LCJqdGkiOiI0YWZlMWJkYzhhMmM0NmRjYTFlZWNmZGZjZmYxZjBjZiIsInVzZXJfaWQiOiJmYTU3ZmVlOS1hYTMwLTRmYmItYjgxYS0yM2Y1YjZhMDBlZDMifQ.KVe89W9biVqjoKjd6aAtk4WVkDG_GKzgmg7OoWz5vfQ", "created_at": "2024-09-14T18:29:08.310Z", "expires_at": "2025-01-12T18:29:08Z"}}, {"model": "token_blacklist.outstandingtoken", "pk": 62, "fields": {"user": null, "jti": "a84c7f9615ae497fbc5cd3edd4a5050f", "token": "eyJhbGciOiJIUzI1NiIsInR5cCI6IkpXVCJ9.eyJ0b2tlbl90eXBlIjoicmVmcmVzaCIsImV4cCI6MTczNjcwNjcyMiwiaWF0IjoxNzI2MzM4NzIyLCJqdGkiOiJhODRjN2Y5NjE1YWU0OTdmYmM1Y2QzZWRkNGE1MDUwZiIsInVzZXJfaWQiOiIxMjJiMjU2ZC1kNmUzLTRiOTQtOTY4Ni03OWI1MTUwODdkZTIifQ.rzBQHeGiK0RRkmvqd8GZAvb5CmBLEVUt4EFlbX8-Xg8", "created_at": "2024-09-14T18:32:02.536Z", "expires_at": "2025-01-12T18:32:02Z"}}, {"model": "token_blacklist.outstandingtoken", "pk": 63, "fields": {"user": null, "jti": "478153962e2c44c389db3299896efb45", "token": "eyJhbGciOiJIUzI1NiIsInR5cCI6IkpXVCJ9.eyJ0b2tlbl90eXBlIjoicmVmcmVzaCIsImV4cCI6MTczNjcwNjgwMSwiaWF0IjoxNzI2MzM4ODAxLCJqdGkiOiI0NzgxNTM5NjJlMmM0NGMzODlkYjMyOTk4OTZlZmI0NSIsInVzZXJfaWQiOiIxMjJiMjU2ZC1kNmUzLTRiOTQtOTY4Ni03OWI1MTUwODdkZTIifQ.P9TWV4Fw2QewkBZEWafpAOWpeCN-V5ki4eRiMQohyNE", "created_at": "2024-09-14T18:33:21.409Z", "expires_at": "2025-01-12T18:33:21Z"}}, {"model": "token_blacklist.outstandingtoken", "pk": 64, "fields": {"user": "c474e7ab-e868-4608-8007-105a15e18acf", "jti": "b6d6f9760eb94feb9fad1823f5ca839c", "token": "eyJhbGciOiJIUzI1NiIsInR5cCI6IkpXVCJ9.eyJ0b2tlbl90eXBlIjoicmVmcmVzaCIsImV4cCI6MTczNjcxMDEzOSwiaWF0IjoxNzI2MzQyMTM5LCJqdGkiOiJiNmQ2Zjk3NjBlYjk0ZmViOWZhZDE4MjNmNWNhODM5YyIsInVzZXJfaWQiOiJjNDc0ZTdhYi1lODY4LTQ2MDgtODAwNy0xMDVhMTVlMThhY2YifQ.VmJviVAPgA3_sHFXQP2xf-eZ1_GWD6wcAYfAGbD6aE8", "created_at": "2024-09-14T19:28:59.076Z", "expires_at": "2025-01-12T19:28:59Z"}}, {"model": "token_blacklist.outstandingtoken", "pk": 65, "fields": {"user": "c474e7ab-e868-4608-8007-105a15e18acf", "jti": "d3727aaab6154131a3de62f5b59e422d", "token": "eyJhbGciOiJIUzI1NiIsInR5cCI6IkpXVCJ9.eyJ0b2tlbl90eXBlIjoicmVmcmVzaCIsImV4cCI6MTczNjc1MTE1NywiaWF0IjoxNzI2MzgzMTU3LCJqdGkiOiJkMzcyN2FhYWI2MTU0MTMxYTNkZTYyZjViNTllNDIyZCIsInVzZXJfaWQiOiJjNDc0ZTdhYi1lODY4LTQ2MDgtODAwNy0xMDVhMTVlMThhY2YifQ.bTkRpEE94Q4pH6JR8kenHyds1NWCuvXmPaxDfPtOhpw", "created_at": "2024-09-15T06:52:37.801Z", "expires_at": "2025-01-13T06:52:37Z"}}, {"model": "token_blacklist.outstandingtoken", "pk": 66, "fields": {"user": null, "jti": "d240cb8d2b40465fb00a359ace8d9924", "token": "eyJhbGciOiJIUzI1NiIsInR5cCI6IkpXVCJ9.eyJ0b2tlbl90eXBlIjoicmVmcmVzaCIsImV4cCI6MTczNjc1MTk2MSwiaWF0IjoxNzI2MzgzOTYxLCJqdGkiOiJkMjQwY2I4ZDJiNDA0NjVmYjAwYTM1OWFjZThkOTkyNCIsInVzZXJfaWQiOiJmNWE1NjliZC05NTVjLTQ1Y2ItYjA5MS1jYmYzYWM4MTIwMDQifQ.Ba-MrRce_wVeyBbnpRgiHHTgeCRvu08pfuyRjjIM2Ic", "created_at": "2024-09-15T07:06:01.483Z", "expires_at": "2025-01-13T07:06:01Z"}}, {"model": "token_blacklist.outstandingtoken", "pk": 67, "fields": {"user": null, "jti": "0a89dc63cd164fdbace2b3c2e50d98f9", "token": "eyJhbGciOiJIUzI1NiIsInR5cCI6IkpXVCJ9.eyJ0b2tlbl90eXBlIjoicmVmcmVzaCIsImV4cCI6MTczNjc1MjAwNywiaWF0IjoxNzI2Mzg0MDA3LCJqdGkiOiIwYTg5ZGM2M2NkMTY0ZmRiYWNlMmIzYzJlNTBkOThmOSIsInVzZXJfaWQiOiJmNWE1NjliZC05NTVjLTQ1Y2ItYjA5MS1jYmYzYWM4MTIwMDQifQ.L4nbxzp0PJbSgLnsDIEOJ0CLNZKMoUd3Y8jTmdQm9-0", "created_at": "2024-09-15T07:06:47.145Z", "expires_at": "2025-01-13T07:06:47Z"}}, {"model": "token_blacklist.outstandingtoken", "pk": 68, "fields": {"user": "c11b7dad-b9b1-4d1a-bb34-17c24c29ada4", "jti": "a5170cc6315f4e399b1f08055519fe45", "token": "eyJhbGciOiJIUzI1NiIsInR5cCI6IkpXVCJ9.eyJ0b2tlbl90eXBlIjoicmVmcmVzaCIsImV4cCI6MTczNjc1NTI4MiwiaWF0IjoxNzI2Mzg3MjgyLCJqdGkiOiJhNTE3MGNjNjMxNWY0ZTM5OWIxZjA4MDU1NTE5ZmU0NSIsInVzZXJfaWQiOiJjMTFiN2RhZC1iOWIxLTRkMWEtYmIzNC0xN2MyNGMyOWFkYTQifQ.Y27D1HaMTiZvl8HfdvifcXyIxlY26pyfYVPyOuj-4vs", "created_at": "2024-09-15T08:01:22.246Z", "expires_at": "2025-01-13T08:01:22Z"}}, {"model": "token_blacklist.outstandingtoken", "pk": 69, "fields": {"user": "c11b7dad-b9b1-4d1a-bb34-17c24c29ada4", "jti": "8f092eaede494705b2454ae6b72922a6", "token": "eyJhbGciOiJIUzI1NiIsInR5cCI6IkpXVCJ9.eyJ0b2tlbl90eXBlIjoicmVmcmVzaCIsImV4cCI6MTczNjc1NTg3NCwiaWF0IjoxNzI2Mzg3ODc0LCJqdGkiOiI4ZjA5MmVhZWRlNDk0NzA1YjI0NTRhZTZiNzI5MjJhNiIsInVzZXJfaWQiOiJjMTFiN2RhZC1iOWIxLTRkMWEtYmIzNC0xN2MyNGMyOWFkYTQifQ._qSsIvsXUTq4wbfHBcTgfV8MYZZsDHXzda1t-cpmrf4", "created_at": "2024-09-15T08:11:14.646Z", "expires_at": "2025-01-13T08:11:14Z"}}, {"model": "token_blacklist.outstandingtoken", "pk": 70, "fields": {"user": "c11b7dad-b9b1-4d1a-bb34-17c24c29ada4", "jti": "cd3d763fc5404da7a3785bf20b858c77", "token": "eyJhbGciOiJIUzI1NiIsInR5cCI6IkpXVCJ9.eyJ0b2tlbl90eXBlIjoicmVmcmVzaCIsImV4cCI6MTczNjc1NjY0MCwiaWF0IjoxNzI2Mzg4NjQwLCJqdGkiOiJjZDNkNzYzZmM1NDA0ZGE3YTM3ODViZjIwYjg1OGM3NyIsInVzZXJfaWQiOiJjMTFiN2RhZC1iOWIxLTRkMWEtYmIzNC0xN2MyNGMyOWFkYTQifQ.oiCjBLck4pYSWgWRZRLLRctX8Rx0HkMI4YaFe9w3n0A", "created_at": "2024-09-15T08:24:00.995Z", "expires_at": "2025-01-13T08:24:00Z"}}, {"model": "token_blacklist.outstandingtoken", "pk": 71, "fields": {"user": "c11b7dad-b9b1-4d1a-bb34-17c24c29ada4", "jti": "31a779b6b229451eaeb77b8022c313a3", "token": "eyJhbGciOiJIUzI1NiIsInR5cCI6IkpXVCJ9.eyJ0b2tlbl90eXBlIjoicmVmcmVzaCIsImV4cCI6MTczNjc1NzA5MCwiaWF0IjoxNzI2Mzg5MDkwLCJqdGkiOiIzMWE3NzliNmIyMjk0NTFlYWViNzdiODAyMmMzMTNhMyIsInVzZXJfaWQiOiJjMTFiN2RhZC1iOWIxLTRkMWEtYmIzNC0xN2MyNGMyOWFkYTQifQ.jySBdDq_KQBd63-SmP2ds_adjhNyI7yrZRbTAbVcb-Y", "created_at": "2024-09-15T08:31:30.445Z", "expires_at": "2025-01-13T08:31:30Z"}}, {"model": "token_blacklist.outstandingtoken", "pk": 72, "fields": {"user": "c11b7dad-b9b1-4d1a-bb34-17c24c29ada4", "jti": "fa4a304a2be94baaa06f45666e42ff12", "token": "eyJhbGciOiJIUzI1NiIsInR5cCI6IkpXVCJ9.eyJ0b2tlbl90eXBlIjoicmVmcmVzaCIsImV4cCI6MTczNjc1NzI5NiwiaWF0IjoxNzI2Mzg5Mjk2LCJqdGkiOiJmYTRhMzA0YTJiZTk0YmFhYTA2ZjQ1NjY2ZTQyZmYxMiIsInVzZXJfaWQiOiJjMTFiN2RhZC1iOWIxLTRkMWEtYmIzNC0xN2MyNGMyOWFkYTQifQ.K7-C2DUxddYrdAVIKeeo3pOtK5um5ItAakdcp3Fz968", "created_at": "2024-09-15T08:34:56.097Z", "expires_at": "2025-01-13T08:34:56Z"}}, {"model": "token_blacklist.outstandingtoken", "pk": 73, "fields": {"user": "c11b7dad-b9b1-4d1a-bb34-17c24c29ada4", "jti": "7855c622e0f644b0b11a4ff0f82b9417", "token": "eyJhbGciOiJIUzI1NiIsInR5cCI6IkpXVCJ9.eyJ0b2tlbl90eXBlIjoicmVmcmVzaCIsImV4cCI6MTczNjc1NzM4MywiaWF0IjoxNzI2Mzg5MzgzLCJqdGkiOiI3ODU1YzYyMmUwZjY0NGIwYjExYTRmZjBmODJiOTQxNyIsInVzZXJfaWQiOiJjMTFiN2RhZC1iOWIxLTRkMWEtYmIzNC0xN2MyNGMyOWFkYTQifQ.YtKDqI_MwNnw_xMC6gUW9g4Zf8nxY1nDH_awIQImGyM", "created_at": "2024-09-15T08:36:23.725Z", "expires_at": "2025-01-13T08:36:23Z"}}, {"model": "token_blacklist.outstandingtoken", "pk": 74, "fields": {"user": "c474e7ab-e868-4608-8007-105a15e18acf", "jti": "8f93920d8e284d578f5b11db08cabde2", "token": "eyJhbGciOiJIUzI1NiIsInR5cCI6IkpXVCJ9.eyJ0b2tlbl90eXBlIjoicmVmcmVzaCIsImV4cCI6MTczNjgyNDAxNywiaWF0IjoxNzI2NDU2MDE3LCJqdGkiOiI4ZjkzOTIwZDhlMjg0ZDU3OGY1YjExZGIwOGNhYmRlMiIsInVzZXJfaWQiOiJjNDc0ZTdhYi1lODY4LTQ2MDgtODAwNy0xMDVhMTVlMThhY2YifQ.hUh_tZOJYf__Dfsbb8JHRPY-psS2Nu8Vb2wxarO2hrI", "created_at": "2024-09-16T03:06:57.547Z", "expires_at": "2025-01-14T03:06:57Z"}}, {"model": "token_blacklist.outstandingtoken", "pk": 75, "fields": {"user": "c474e7ab-e868-4608-8007-105a15e18acf", "jti": "689519ef923a4b698b2192add3f54ba8", "token": "eyJhbGciOiJIUzI1NiIsInR5cCI6IkpXVCJ9.eyJ0b2tlbl90eXBlIjoicmVmcmVzaCIsImV4cCI6MTczNjk0MTE0NiwiaWF0IjoxNzI2NTczMTQ2LCJqdGkiOiI2ODk1MTllZjkyM2E0YjY5OGIyMTkyYWRkM2Y1NGJhOCIsInVzZXJfaWQiOiJjNDc0ZTdhYi1lODY4LTQ2MDgtODAwNy0xMDVhMTVlMThhY2YifQ.XGGIUAWTIxISfbShbzTfxwHezOCI6Vr5RZf8i9QXy3c", "created_at": "2024-09-17T11:39:06.848Z", "expires_at": "2025-01-15T11:39:06Z"}}, {"model": "token_blacklist.outstandingtoken", "pk": 76, "fields": {"user": "9919f819-2d1d-4446-b23a-bbd468bd61bf", "jti": "a562cab688b94c76bbdd6f18454433fe", "token": "eyJhbGciOiJIUzI1NiIsInR5cCI6IkpXVCJ9.eyJ0b2tlbl90eXBlIjoicmVmcmVzaCIsImV4cCI6MTczNjk0MzAxMiwiaWF0IjoxNzI2NTc1MDEyLCJqdGkiOiJhNTYyY2FiNjg4Yjk0Yzc2YmJkZDZmMTg0NTQ0MzNmZSIsInVzZXJfaWQiOiI5OTE5ZjgxOS0yZDFkLTQ0NDYtYjIzYS1iYmQ0NjhiZDYxYmYifQ.jhFVjYPmWjyqys339VNIFfZqDIPg53KjHkR2usPgg9s", "created_at": "2024-09-17T12:10:12.836Z", "expires_at": "2025-01-15T12:10:12Z"}}, {"model": "token_blacklist.outstandingtoken", "pk": 77, "fields": {"user": "c474e7ab-e868-4608-8007-105a15e18acf", "jti": "03c2d78cd7324f6aa8f9c64a9dd78988", "token": "eyJhbGciOiJIUzI1NiIsInR5cCI6IkpXVCJ9.eyJ0b2tlbl90eXBlIjoicmVmcmVzaCIsImV4cCI6MTczNjk0NDAxMywiaWF0IjoxNzI2NTc2MDEzLCJqdGkiOiIwM2MyZDc4Y2Q3MzI0ZjZhYThmOWM2NGE5ZGQ3ODk4OCIsInVzZXJfaWQiOiJjNDc0ZTdhYi1lODY4LTQ2MDgtODAwNy0xMDVhMTVlMThhY2YifQ.4J6xClITYmw8W5Wijhe7duf6pc_q8DKsJAyvyPHY8Qk", "created_at": "2024-09-17T12:26:53.552Z", "expires_at": "2025-01-15T12:26:53Z"}}, {"model": "token_blacklist.outstandingtoken", "pk": 78, "fields": {"user": "356b7118-df32-48c0-82b7-3ea1cefbd38f", "jti": "60e1b2b955db4e3a863c00638c8b4397", "token": "eyJhbGciOiJIUzI1NiIsInR5cCI6IkpXVCJ9.eyJ0b2tlbl90eXBlIjoicmVmcmVzaCIsImV4cCI6MTczNjk0NTkyOCwiaWF0IjoxNzI2NTc3OTI4LCJqdGkiOiI2MGUxYjJiOTU1ZGI0ZTNhODYzYzAwNjM4YzhiNDM5NyIsInVzZXJfaWQiOiIzNTZiNzExOC1kZjMyLTQ4YzAtODJiNy0zZWExY2VmYmQzOGYifQ.c3reMBo3u_yhpb5imOuVAuyIR8utq9HAE-N4ENGMVUs", "created_at": "2024-09-17T12:58:48.036Z", "expires_at": "2025-01-15T12:58:48Z"}}, {"model": "token_blacklist.outstandingtoken", "pk": 79, "fields": {"user": "356b7118-df32-48c0-82b7-3ea1cefbd38f", "jti": "29a6a6ea088c42f5a0095e511456052c", "token": "eyJhbGciOiJIUzI1NiIsInR5cCI6IkpXVCJ9.eyJ0b2tlbl90eXBlIjoicmVmcmVzaCIsImV4cCI6MTczNjk0NjM0NiwiaWF0IjoxNzI2NTc4MzQ2LCJqdGkiOiIyOWE2YTZlYTA4OGM0MmY1YTAwOTVlNTExNDU2MDUyYyIsInVzZXJfaWQiOiIzNTZiNzExOC1kZjMyLTQ4YzAtODJiNy0zZWExY2VmYmQzOGYifQ.Mtp4uk4bSVgd1QJBV3Zo3CPo6O1JzGGPAxAKtByRiJU", "created_at": "2024-09-17T13:05:46.524Z", "expires_at": "2025-01-15T13:05:46Z"}}, {"model": "token_blacklist.blacklistedtoken", "pk": 1, "fields": {"token": 32, "blacklisted_at": "2024-09-11T18:54:29.836Z"}}, {"model": "token_blacklist.blacklistedtoken", "pk": 2, "fields": {"token": 33, "blacklisted_at": "2024-09-11T18:56:09.527Z"}}, {"model": "token_blacklist.blacklistedtoken", "pk": 3, "fields": {"token": 34, "blacklisted_at": "2024-09-11T20:42:24.006Z"}}, {"model": "token_blacklist.blacklistedtoken", "pk": 4, "fields": {"token": 36, "blacklisted_at": "2024-09-11T22:23:51.627Z"}}, {"model": "token_blacklist.blacklistedtoken", "pk": 5, "fields": {"token": 37, "blacklisted_at": "2024-09-12T00:39:31.855Z"}}, {"model": "token_blacklist.blacklistedtoken", "pk": 6, "fields": {"token": 39, "blacklisted_at": "2024-09-12T10:53:22.111Z"}}, {"model": "token_blacklist.blacklistedtoken", "pk": 7, "fields": {"token": 40, "blacklisted_at": "2024-09-12T11:41:07.893Z"}}, {"model": "token_blacklist.blacklistedtoken", "pk": 8, "fields": {"token": 41, "blacklisted_at": "2024-09-12T12:36:27.037Z"}}, {"model": "token_blacklist.blacklistedtoken", "pk": 9, "fields": {"token": 42, "blacklisted_at": "2024-09-12T12:41:33.965Z"}}, {"model": "token_blacklist.blacklistedtoken", "pk": 10, "fields": {"token": 43, "blacklisted_at": "2024-09-12T16:53:17.056Z"}}, {"model": "token_blacklist.blacklistedtoken", "pk": 11, "fields": {"token": 45, "blacklisted_at": "2024-09-13T20:52:27.399Z"}}, {"model": "token_blacklist.blacklistedtoken", "pk": 12, "fields": {"token": 46, "blacklisted_at": "2024-09-13T21:05:30.340Z"}}, {"model": "token_blacklist.blacklistedtoken", "pk": 13, "fields": {"token": 47, "blacklisted_at": "2024-09-13T21:22:40.615Z"}}, {"model": "token_blacklist.blacklistedtoken", "pk": 14, "fields": {"token": 48, "blacklisted_at": "2024-09-13T23:03:50.093Z"}}, {"model": "token_blacklist.blacklistedtoken", "pk": 15, "fields": {"token": 50, "blacklisted_at": "2024-09-14T00:11:50.798Z"}}, {"model": "token_blacklist.blacklistedtoken", "pk": 16, "fields": {"token": 60, "blacklisted_at": "2024-09-14T18:21:29.378Z"}}, {"model": "token_blacklist.blacklistedtoken", "pk": 17, "fields": {"token": 63, "blacklisted_at": "2024-09-14T19:28:37.585Z"}}, {"model": "token_blacklist.blacklistedtoken", "pk": 18, "fields": {"token": 64, "blacklisted_at": "2024-09-14T19:59:36.757Z"}}, {"model": "token_blacklist.blacklistedtoken", "pk": 19, "fields": {"token": 65, "blacklisted_at": "2024-09-15T07:05:13.391Z"}}, {"model": "token_blacklist.blacklistedtoken", "pk": 20, "fields": {"token": 73, "blacklisted_at": "2024-09-16T01:53:58.522Z"}}, {"model": "token_blacklist.blacklistedtoken", "pk": 21, "fields": {"token": 75, "blacklisted_at": "2024-09-17T11:39:32.352Z"}}, {"model": "token_blacklist.blacklistedtoken", "pk": 22, "fields": {"token": 76, "blacklisted_at": "2024-09-17T12:26:18.601Z"}}, {"model": "token_blacklist.blacklistedtoken", "pk": 23, "fields": {"token": 77, "blacklisted_at": "2024-09-17T12:37:36.146Z"}}, {"model": "api.user", "pk": "356b7118-df32-48c0-82b7-3ea1cefbd38f", "fields": {"password": "pbkdf2_sha256$720000$7BI5B1fHp6vT4aGAfU3D2g$6sfoqEf5pVqgw/pETfa3biiP9e4psYR5bmY0P0tv7oM=", "last_login": null, "email": "lawhub01@gmail.com", "first_name": "law", "last_name": "hub", "phone": null, "username": "LawHub", "avatar": "{'url': 'https://utfs.io/f/f43d159b-e4f2-4f0b-8339-a899f5e977b9-sin2n.jpg', 'type': 'image'}", "metadata": {}, "joined": "2024-09-17T12:58:40.730Z", "is_active": true, "is_staff": false, "is_superuser": false, "otp": null, "otp_created_at": null, "groups": [], "user_permissions": [], "followers": [], "followed_tags": []}}, {"model": "api.user", "pk": "3685caed-61bd-41e8-bdc4-d0714294e3c2", "fields": {"password": "pbkdf2_sha256$720000$fG9HhKArc5Qpp1qQWL0lu1$J7fznYok06wKxZpKY1yOP/s7Z+AK2SRxzBZHpDSysRM=", "last_login": null, "email": "glow@gmail.com", "first_name": "Chisom", "last_name": "Nweze", "phone": null, "username": "glow", "avatar": "https://utfs.io/f/bfcde7b6-77e7-488c-ba7b-f71b2b2f23ac-yz0d.jpg", "metadata": {}, "joined": "2024-09-12T16:56:09.121Z", "is_active": true, "is_staff": false, "is_superuser": false, "otp": null, "otp_created_at": null, "groups": [], "user_permissions": [], "followers": [], "followed_tags": []}}, {"model": "api.user", "pk": "41790850-53bd-41a3-a6d9-0f7d5d0a2700", "fields": {"password": "pbkdf2_sha256$720000$zW3ZcgDrHLvgPBruSZtBUF$3afHDBSCdIBPeNH1V80b62dedG6UPbhKC3NNkh8NLtI=", "last_login": null, "email": "mathias@gmail.com", "first_name": "Mathias", "last_name": "Matie", "phone": null, "username": "matiecodes", "avatar": "https://utfs.io/f/73bef0ae-29ab-48ce-8563-136e073065df-4c9vz5.jpg", "metadata": {}, "joined": "2024-09-12T11:49:44.460Z", "is_active": true, "is_staff": false, "is_superuser": false, "otp": null, "otp_created_at": null, "groups": [], "user_permissions": [], "followers": ["c474e7ab-e868-4608-8007-105a15e18acf"], "followed_tags": []}}, {"model": "api.user", "pk": "7d93f6dd-680d-4bbb-88f4-3dabb7882bd6", "fields": {"password": "pbkdf2_sha256$720000$MPPgbqD8SQOCF7vRqvdowL$ueXLrVJBBBm8wEhSdkarcOE4xGfgu+JzfrmDEFhw0q0=", "last_login": null, "email": "isabella@tryorion.com", "first_name": null, "last_name": null, "phone": null, "username": "isabella", "avatar": null, "metadata": {}, "joined": "2024-09-07T00:23:38.809Z", "is_active": true, "is_staff": false, "is_superuser": false, "otp": null, "otp_created_at": null, "groups": [], "user_permissions": [], "followers": [], "followed_tags": []}}, {"model": "api.user", "pk": "7eb617b0-2f78-4699-a729-163e779782df", "fields": {"password": "pbkdf2_sha256$720000$5fUenLyOCjeetDwWkbzTyx$dFqaV/XQJb/vo/JalDfDSQEyr7vsZOpisa1hna245UE=", "last_login": null, "email": "mylove@gmail.com", "first_name": "Mimi", "last_name": "Love", "phone": null, "username": "mimi", "avatar": "https://utfs.io/f/9b279e43-5870-4cbd-8abd-2dca5242e2dd-7foxft.jpg", "metadata": {}, "joined": "2024-09-11T20:58:13.306Z", "is_active": true, "is_staff": false, "is_superuser": false, "otp": null, "otp_created_at": null, "groups": [], "user_permissions": [], "followers": [], "followed_tags": []}}, {"model": "api.user", "pk": "98324e9b-4bab-4eb8-b848-b8bddd27c0e7", "fields": {"password": "pbkdf2_sha256$720000$7bx2M8LKymmsdos294JDq1$+V+xGnqKiRvGa4gULT/+E0quoiK0emhavkBBZtsEvFA=", "last_login": null, "email": "balamathias40@gmail.com", "first_name": "Mathias", "last_name": "Bala", "phone": "09154029724", "username": "mathias", "avatar": "http://ts1.mm.bing.net/th?id=OIP.KgO2pNoztuGWQX9DJ-s9lAHaE8&pid=15.1", "metadata": null, "joined": "2024-09-05T11:39:57.578Z", "is_active": true, "is_staff": false, "is_superuser": false, "otp": null, "otp_created_at": null, "groups": [], "user_permissions": [], "followers": ["b5d437fb-9ac0-4ab6-97a0-a4f45e837146"], "followed_tags": []}}, {"model": "api.user", "pk": "9919f819-2d1d-4446-b23a-bbd468bd61bf", "fields": {"password": "pbkdf2_sha256$720000$2L6fr8nhNvpH3TX7xn8jkV$4cuBOKMoOfXPQaSm+yjAdhogAE9s9Ns0g2LAw4FwMMI=", "last_login": null, "email": "salmathias05@gmail.com", "first_name": "Seraphines", "last_name": "Naomi", "phone": null, "username": "seraphines", "avatar": "https://utfs.io/f/fc6b9f00-d890-432d-a879-259a6f48daa4-6jobk8.jpg", "metadata": {}, "joined": "2024-09-14T16:12:03.574Z", "is_active": true, "is_staff": false, "is_superuser": false, "otp": null, "otp_created_at": null, "groups": [], "user_permissions": [], "followers": [], "followed_tags": []}}, {"model": "api.user", "pk": "b5d437fb-9ac0-4ab6-97a0-a4f45e837146", "fields": {"password": "pbkdf2_sha256$720000$mnAXatcNBoryV6YLnffyoq$tf6YBkGNR/vjF3md+yZcImEZIJMIj/pVynsgFWhQi+k=", "last_login": "2024-09-04T22:06:44Z", "email": "balamathias05@gmail.com", "first_name": "Mathias", "last_name": "Bala", "phone": null, "username": "matie", "avatar": "https://th.bing.com/th/id/OIP.IGNf7GuQaCqz_RPq5wCkPgHaLH?w=115&h=180&c=7&r=0&o=5&pid=1.7", "metadata": {}, "joined": "2024-09-05T11:39:57.578Z", "is_active": true, "is_staff": true, "is_superuser": true, "otp": null, "otp_created_at": null, "groups": [], "user_permissions": [], "followers": ["9919f819-2d1d-4446-b23a-bbd468bd61bf"], "followed_tags": []}}, {"model": "api.user", "pk": "c11b7dad-b9b1-4d1a-bb34-17c24c29ada4", "fields": {"password": "pbkdf2_sha256$720000$J8xg2cgQUmSkCHUwfME1F2$zZv0fJPEiB3x4ngq4o8qlW8LWAPGRiSMGVTqpc5cJtw=", "last_login": null, "email": "nmwrites01@gmail.com", "first_name": "Naomi", "last_name": "Sunday", "phone": null, "username": "naomi", "avatar": "https://utfs.io/f/2f671f15-5b03-49a7-9a89-4ed67cce15d9-sin2n.jpg", "metadata": {}, "joined": "2024-09-15T07:29:04.981Z", "is_active": true, "is_staff": false, "is_superuser": false, "otp": null, "otp_created_at": null, "groups": [], "user_permissions": [], "followers": ["c474e7ab-e868-4608-8007-105a15e18acf"], "followed_tags": []}}, {"model": "api.user", "pk": "c474e7ab-e868-4608-8007-105a15e18acf", "fields": {"password": "pbkdf2_sha256$720000$zMgqStYdeup7KTgm6wi2oJ$q8Z9VSF6T2buvsqBVyfvIxeGPaEfnoGUvcn2MWNt+J4=", "last_login": null, "email": "serafina@gmail.com", "first_name": "Serafina", "last_name": "Mathias", "phone": null, "username": "serafina", "avatar": "https://utfs.io/f/90efcbbd-3c34-4821-a1ed-b8181dddcb7f-sin2n.jpg", "metadata": {}, "joined": "2024-09-12T00:40:39.334Z", "is_active": true, "is_staff": false, "is_superuser": false, "otp": null, "otp_created_at": null, "groups": [], "user_permissions": [], "followers": ["9919f819-2d1d-4446-b23a-bbd468bd61bf"], "followed_tags": []}}, {"model": "api.user", "pk": "c8740c48-1cac-467c-b51a-27a22d708e09", "fields": {"password": "pbkdf2_sha256$720000$BxXW7kH0HH7yeQOwl3411a$+GcbamrYdmZVrLFaLTYvUIGWRSNViT6yyJxWZVAopLk=", "last_login": null, "email": "umaimah@gmail.com", "first_name": "Umaimah", "last_name": "Daniels", "phone": null, "username": "umaimah", "avatar": "https://utfs.io/f/8424fd18-76f5-461d-91fd-53d75d528ca0-a4toe3.jpg", "metadata": {}, "joined": "2024-09-13T20:26:53.953Z", "is_active": true, "is_staff": false, "is_superuser": false, "otp": null, "otp_created_at": null, "groups": [], "user_permissions": [], "followers": [], "followed_tags": []}}, {"model": "api.user", "pk": "f1520c32-22ea-4c57-b321-b252e7332d92", "fields": {"password": "pbkdf2_sha256$720000$DOnBlvog3fNUrliKXjmcby$l2AoYlwjNOc8stA0ERnzr9cA58rmR2kZzIyRMGebVik=", "last_login": null, "email": "nelly@gmail.com", "first_name": "Nelly", "last_name": "Anderson", "phone": null, "username": "@nelly", "avatar": "https://utfs.io/f/83cba55e-e16a-45a5-9b68-eecc783d44f9-sfd2o.jpg", "metadata": {}, "joined": "2024-09-11T22:25:01.043Z", "is_active": true, "is_staff": false, "is_superuser": false, "otp": null, "otp_created_at": null, "groups": [], "user_permissions": [], "followers": ["c474e7ab-e868-4608-8007-105a15e18acf"], "followed_tags": []}}, {"model": "api.tag", "pk": 1, "fields": {"name": "meal", "created_at": "2024-09-11T13:45:27.839Z"}}, {"model": "api.tag", "pk": 2, "fields": {"name": "meat", "created_at": "2024-09-11T13:45:28.059Z"}}, {"model": "api.tag", "pk": 3, "fields": {"name": "steak", "created_at": "2024-09-11T13:45:28.306Z"}}, {"model": "api.tag", "pk": 4, "fields": {"name": "coffee", "created_at": "2024-09-11T14:02:56.434Z"}}, {"model": "api.tag", "pk": 5, "fields": {"name": "milk", "created_at": "2024-09-11T14:02:56.727Z"}}, {"model": "api.tag", "pk": 6, "fields": {"name": "sugar", "created_at": "2024-09-11T14:02:56.950Z"}}, {"model": "api.tag", "pk": 7, "fields": {"name": "prawns", "created_at": "2024-09-11T20:39:48.051Z"}}, {"model": "api.tag", "pk": 8, "fields": {"name": "periwinkles", "created_at": "2024-09-11T20:39:48.437Z"}}, {"model": "api.tag", "pk": 9, "fields": {"name": "crayfish", "created_at": "2024-09-11T20:39:48.724Z"}}, {"model": "api.tag", "pk": 10, "fields": {"name": "carrot", "created_at": "2024-09-11T20:39:49.200Z"}}, {"model": "api.tag", "pk": 11, "fields": {"name": "pepper", "created_at": "2024-09-11T20:39:49.511Z"}}, {"model": "api.tag", "pk": 12, "fields": {"name": "potato", "created_at": "2024-09-11T20:39:49.811Z"}}, {"model": "api.tag", "pk": 13, "fields": {"name": "tomato", "created_at": "2024-09-11T20:39:50.144Z"}}, {"model": "api.tag", "pk": 14, "fields": {"name": "bitterleaf", "created_at": "2024-09-11T20:39:50.367Z"}}, {"model": "api.tag", "pk": 15, "fields": {"name": "recipe", "created_at": "2024-09-11T22:29:13.902Z"}}, {"model": "api.tag", "pk": 16, "fields": {"name": "vegetables", "created_at": "2024-09-11T22:29:14.533Z"}}, {"model": "api.tag", "pk": 17, "fields": {"name": "pumpkin", "created_at": "2024-09-11T22:29:14.798Z"}}, {"model": "api.tag", "pk": 18, "fields": {"name": "chicken", "created_at": "2024-09-12T01:33:42.251Z"}}, {"model": "api.tag", "pk": 19, "fields": {"name": "leafs", "created_at": "2024-09-12T01:33:42.787Z"}}, {"model": "api.tag", "pk": 20, "fields": {"name": "beans", "created_at": "2024-09-12T12:22:46.687Z"}}, {"model": "api.tag", "pk": 21, "fields": {"name": "palm oil", "created_at": "2024-09-12T12:22:46.866Z"}}, {"model": "api.tag", "pk": 22, "fields": {"name": "green beans", "created_at": "2024-09-12T12:22:47.084Z"}}, {"model": "api.tag", "pk": 23, "fields": {"name": "flour", "created_at": "2024-09-16T01:47:12.365Z"}}, {"model": "api.tag", "pk": 24, "fields": {"name": "egg", "created_at": "2024-09-16T01:47:13.571Z"}}, {"model": "api.tag", "pk": 25, "fields": {"name": "vegetable oil", "created_at": "2024-09-16T01:47:13.986Z"}}, {"model": "api.tag", "pk": 26, "fields": {"name": "flavors", "created_at": "2024-09-16T01:47:14.518Z"}}, {"model": "api.tag", "pk": 27, "fields": {"name": "pasta", "created_at": "2024-09-16T03:13:41.666Z"}}, {"model": "api.tag", "pk": 28, "fields": {"name": "spices", "created_at": "2024-09-16T03:13:41.954Z"}}, {"model": "api.tag", "pk": 29, "fields": {"name": "salt", "created_at": "2024-09-16T16:10:27.030Z"}}, {"model": "api.tag", "pk": 30, "fields": {"name": "cold water", "created_at": "2024-09-16T16:10:27.444Z"}}, {"model": "api.tag", "pk": 31, "fields": {"name": "honey", "created_at": "2024-09-16T16:10:27.754Z"}}, {"model": "api.post", "pk": "0089628e-94eb-4236-8dab-fc248cb3790d", "fields": {"created_at": "2024-09-07T10:55:44.764Z", "updated_at": null, "title": "How to prepare Spaghetti", "short_description": "Learn how to make assorted spaghetti that feels really good. In this recipe, I will guide you on how to make a delicious spaghetti.", "content": "Learn how to make assorted spaghetti that feels really good. In this recipe, I will guide you on how to make a delicious spaghetti.\r\n\r\nLearn how to make assorted spaghetti that feels really good. In this recipe, I will guide you on how to make a delicious spaghetti.", "thumbnail": {"image": "https://img.freepik.com/free-photo/comida-lifestyle-spaghetti-foodie-gastronomy_1350-47.jpg?ga=GA1.1.477482068.1713011311&semt=ais_hybrid"}, "video": null, "author": "b5d437fb-9ac0-4ab6-97a0-a4f45e837146", "likes": ["7d93f6dd-680d-4bbb-88f4-3dabb7882bd6", "98324e9b-4bab-4eb8-b848-b8bddd27c0e7", "b5d437fb-9ac0-4ab6-97a0-a4f45e837146"], "tags": []}}, {"model": "api.post", "pk": "1022da4e-f983-4e77-9568-e1e55b02d772", "fields": {"created_at": "2024-09-11T20:39:47.651Z", "updated_at": null, "title": "Periwinkles Recipe", "short_description": "Let's make prawns and periwinkles, start by peeling the cracken hen and proceed with purification procedure.", "content": "Let's make prawns and periwinkles, start by peeling the cracken hen and proceed with purification procedure.\n\nLet's make prawns and periwinkles, start by peeling the cracken hen and proceed with purification procedure.\n\nLet's make prawns and periwinkles, start by peeling the cracken hen and proceed with purification procedure.", "thumbnail": {"image": "https://utfs.io/f/21b3ebe4-1013-4439-be67-dab0d8e82947-75fv3m.jpg"}, "video": null, "author": "b5d437fb-9ac0-4ab6-97a0-a4f45e837146", "likes": ["41790850-53bd-41a3-a6d9-0f7d5d0a2700", "b5d437fb-9ac0-4ab6-97a0-a4f45e837146", "c474e7ab-e868-4608-8007-105a15e18acf", "c8740c48-1cac-467c-b51a-27a22d708e09", "f1520c32-22ea-4c57-b321-b252e7332d92"], "tags": [7, 8, 9, 10, 11, 12, 13, 14]}}, {"model": "api.post", "pk": "2fedec0b-9bed-49fc-bae2-e3bb5686cccd", "fields": {"created_at": "2024-09-12T01:33:40.767Z", "updated_at": null, "title": "Demure Chicken Recipe", "short_description": "Chicken with steak, onions, pepper, leafs and tomatoes plus assorted combinations", "content": "Chicken with steak, onions, pepper, leafs and tomatoes plus assorted combinationsChicken with steak, onions, pepper, leafs and tomatoes plus assorted combinations\n\nChicken with steak, onions, pepper, leafs and tomatoes plus assorted combinations\nChicken with steak, onions, pepper, leafs and tomatoes plus assorted combinations\n\nChicken with steak, onions, pepper, leafs and tomatoes plus assorted combinationsChicken with steak, onions, pepper, leafs and tomatoes plus assorted combinationsChicken with steak, onions, pepper, leafs and tomatoes plus assorted combinationsChicken with steak, onions, pepper, leafs and tomatoes plus assorted combinations", "thumbnail": {"image": "https://utfs.io/f/e5bb6f9a-634e-4a01-a918-c02465583822-yz0d.jpg"}, "video": null, "author": "c474e7ab-e868-4608-8007-105a15e18acf", "likes": ["3685caed-61bd-41e8-bdc4-d0714294e3c2", "41790850-53bd-41a3-a6d9-0f7d5d0a2700", "c474e7ab-e868-4608-8007-105a15e18acf", "c8740c48-1cac-467c-b51a-27a22d708e09"], "tags": [11, 13, 18, 19]}}, {"model": "api.post", "pk": "50a2aa0e-b7f8-4c07-987e-83f679d593bc", "fields": {"created_at": "2024-09-05T14:40:22.762Z", "updated_at": null, "title": "How to make Pounded Yam Recipe", "short_description": "Serving: Pounded yam is best enjoyed with traditional Nigerian soups like egusi, efo riro, or ogbono soup.", "content": "Ingredients:\r\n\r\nYam tuber (or yam flour if using instant version)\r\nWater\r\nInstructions (Traditional Method with Yam Tubers):\r\n\r\nPeel and Cut: Peel the yam tuber and cut it into medium-sized chunks. Rinse the pieces thoroughly.\r\n\r\nBoil the Yam: Place the yam chunks in a pot and add enough water to cover them. Boil on medium heat until the yam is soft and tender (about 2025 minutes). You can test this by piercing the yam with a fork.\r\n\r\nPound the Yam: Using a mortar and pestle (or a yam pounder if available), pound the boiled yam pieces until smooth and stretchy. Ensure there are no lumps.\r\n\r\nShape and Serve: Once pounded to a smooth consistency, scoop the pounded yam into small, round servings using a spoon or your hands.\r\n\r\nInstructions (Using Yam Flour):\r\n\r\nBoil Water: Bring water to a boil in a pot.\r\n\r\nAdd Yam Flour: Reduce heat to low and gradually add yam flour to the boiling water, stirring continuously with a wooden spoon to avoid lumps.\r\n\r\nMix and Pound: Keep stirring until the mixture becomes thick and smooth, with no lumps. Add more water if necessary to adjust the texture.\r\n\r\nShape and Serve: Once smooth and stretchy, shape into balls and serve.", "thumbnail": {"image": "https://img.freepik.com/free-photo/baked-potatoes-with-garlic-herbs-fried-chanterelles-cast-iron-skillet_2829-17403.jpg?ga=GA1.1.477482068.1713011311&semt=ais_hybrid"}, "video": null, "author": "b5d437fb-9ac0-4ab6-97a0-a4f45e837146", "likes": ["98324e9b-4bab-4eb8-b848-b8bddd27c0e7"], "tags": []}}, {"model": "api.post", "pk": "5cdb7b00-a21e-4bb8-8cd8-d40a8998399f", "fields": {"created_at": "2024-09-15T23:20:47.946Z", "updated_at": null, "title": "How to make Donuts", "short_description": "Learn how to make doughnuts with me today.", "content": "Learn how to make doughnuts with me today.Learn how to make doughnuts with me today.Learn how to make doughnuts with me today.Learn how to make doughnuts with me today.\r\n\r\nLearn how to make doughnuts with me today.Learn how to make doughnuts with me today.Learn how to make doughnuts with me today.Learn how to make doughnuts with me today.Learn how to make doughnuts with me today.\r\n\r\nLearn how to make doughnuts with me today.Learn how to make doughnuts with me today.Learn how to make doughnuts with me today.Learn how to make doughnuts with me today.Learn how to make doughnuts with me today.Learn how to make doughnuts with me today.Learn how to make doughnuts with me today.Learn how to make doughnuts with me today.Learn how to make doughnuts with me today.Learn how to make doughnuts with me today.Learn how to make doughnuts with me today.\r\n\r\nLearn how to make doughnuts with me today.Learn how to make doughnuts with me today.", "thumbnail": {"image": "https://utfs.io/f/21b3ebe4-1013-4439-be67-dab0d8e82947-75fv3m.jpg"}, "video": "http://commondatastorage.googleapis.com/gtv-videos-bucket/sample/ForBiggerBlazes.mp4", "author": "c474e7ab-e868-4608-8007-105a15e18acf", "likes": ["3685caed-61bd-41e8-bdc4-d0714294e3c2", "41790850-53bd-41a3-a6d9-0f7d5d0a2700", "7d93f6dd-680d-4bbb-88f4-3dabb7882bd6", "98324e9b-4bab-4eb8-b848-b8bddd27c0e7"], "tags": [5, 6, 7, 8]}}, {"model": "api.post", "pk": "5fa5db44-c6fc-4ee6-951b-140b4a21e00f", "fields": {"created_at": "2024-09-11T22:29:13.413Z", "updated_at": null, "title": "Nelly Recipe", "short_description": "Hi, I am Nelly. I am here to teach you exciting recipes... I am not a recipe but I will guide you by and by,", "content": "Hi, I am Nelly. I am here to teach you exciting recipes... I am not a recipe but I will guide you by and by,Hi, I am Nelly. I am here to teach you exciting recipes... I am not a recipe but I will guide you by and by,Hi, I am Nelly. I am here to teach you exciting recipes... I am not a recipe but I will guide you by and by,Hi, I am Nelly. I am here to teach you exciting recipes... I am not a recipe but I will guide you by and by,", "thumbnail": {"image": "https://utfs.io/f/feb66582-a55f-4868-ae10-b4477315c258-sfd2o.jpg"}, "video": null, "author": "f1520c32-22ea-4c57-b321-b252e7332d92", "likes": ["3685caed-61bd-41e8-bdc4-d0714294e3c2", "41790850-53bd-41a3-a6d9-0f7d5d0a2700", "c474e7ab-e868-4608-8007-105a15e18acf", "f1520c32-22ea-4c57-b321-b252e7332d92"], "tags": [15, 16, 17]}}, {"model": "api.post", "pk": "66432a47-266f-4cff-ad40-e2e7796f9395", "fields": {"created_at": "2024-09-12T12:22:46.196Z", "updated_at": null, "title": "Beans Recipe", "short_description": "Do you wish to learn how to prepare oyibo beans with potatoes", "content": "Do you wish to learn how to prepare oyibo beans with potatoes. Do you wish to learn how to prepare oyibo beans with potatoesDo you wish to learn how to prepare oyibo beans with potatoesDo you wish to learn how to prepare oyibo beans with potatoesDo you wish to learn how to prepare oyibo beans with potatoes\n\nDo you wish to learn how to prepare oyibo beans with potatoesDo you wish to learn how to prepare oyibo beans with potatoesDo you wish to learn how to prepare oyibo beans with potatoes\n\nDo you wish to learn how to prepare oyibo beans with potatoesDo you wish to learn how to prepare oyibo beans with potatoesDo you wish to learn how to prepare oyibo beans with potatoes", "thumbnail": {"image": "https://utfs.io/f/fa88f6fb-2d4f-4dd8-9530-5d6725606ee2-rzhgw.jpg"}, "video": null, "author": "41790850-53bd-41a3-a6d9-0f7d5d0a2700", "likes": ["3685caed-61bd-41e8-bdc4-d0714294e3c2", "41790850-53bd-41a3-a6d9-0f7d5d0a2700", "b5d437fb-9ac0-4ab6-97a0-a4f45e837146", "c474e7ab-e868-4608-8007-105a15e18acf", "c8740c48-1cac-467c-b51a-27a22d708e09"], "tags": [10, 12, 20, 21, 22]}}, {"model": "api.post", "pk": "9e644748-f5d2-4dc5-ab88-813d3b2a1132", "fields": {"created_at": "2024-09-16T16:10:26.489Z", "updated_at": null, "title": "How to make cheese the right way.", "short_description": "Make cheese with me today, Say cheese!", "content": "Make cheese with me today, Say cheese!Make cheese with me today, Say cheese!Make cheese with me today, Say cheese!Make cheese with me today, Say cheese!\n\nMake cheese with me today, Say cheese!\n\nMake cheese with me today, Say cheese!Make cheese with me today, Say cheese!Make cheese with me today, Say cheese!Make cheese with me today, Say cheese!\n\nMake cheese with me today, Say cheese!Make cheese with me today, Say cheese!Make cheese with me today, Say cheese!Make cheese with me today, Say cheese!", "thumbnail": {"image": null}, "video": "https://utfs.io/f/1a593138-6158-4247-a46a-5a8655d658aa-nym7c.mp4", "author": "c474e7ab-e868-4608-8007-105a15e18acf", "likes": [], "tags": [5, 29, 30, 31]}}, {"model": "api.post", "pk": "c318c57a-532b-45dc-9d03-c9e311ddf064", "fields": {"created_at": "2024-09-16T01:47:11.838Z", "updated_at": null, "title": "How to make Cake in 1 minute", "short_description": "Follow me gently as I walk you through making cake that people would love.", "content": "Follow me gently as I walk you through making cake that people would love.Follow me gently as I walk you through making cake that people would love.Follow me gently as I walk you through making cake that people would love.Follow me gently as I walk you through making cake that people would love.\n\nFollow me gently as I walk you through making cake that people would love.Follow me gently as I walk you through making cake that people would love.Follow me gently as I walk you through making cake that people would love.\n\nFollow me gently as I walk you through making cake that people would love.Follow me gently as I walk you through making cake that people would love.", "thumbnail": {"image": null}, "video": "https://utfs.io/f/845de0b0-c377-4545-9729-e3ceb1ad5d26-x3rtji.mp4", "author": "c11b7dad-b9b1-4d1a-bb34-17c24c29ada4", "likes": [], "tags": [5, 6, 23, 24, 25, 26]}}, {"model": "api.post", "pk": "c634a8e6-eb84-4fa9-a92d-31bf4c53933c", "fields": {"created_at": "2024-09-11T14:02:56.072Z", "updated_at": null, "title": "Programmers blue coffee", "short_description": "Do you wish to know how to make coffee that feels good to programmers?", "content": "Settle down, as I put you through it...", "thumbnail": {"image": "https://utfs.io/f/d786fb1d-e9e8-4c7b-992d-902f6577251b-30d79r.jpg"}, "video": null, "author": "b5d437fb-9ac0-4ab6-97a0-a4f45e837146", "likes": ["b5d437fb-9ac0-4ab6-97a0-a4f45e837146"], "tags": [4, 5, 6]}}, {"model": "api.post", "pk": "cf95c3b1-9bde-40c3-ad08-a9c8447b91b3", "fields": {"created_at": "2024-09-11T13:45:27.659Z", "updated_at": null, "title": "Coding coffee recipe", "short_description": "This is a concise coding coffee recipe, join me to learn how to make crazy coding coffee.", "content": "First of all, let us examine some sort of recipes!", "thumbnail": {"image": "https://utfs.io/f/2901698c-12cc-47a0-ab06-96858ca38b6b-arjfyy.jpg"}, "video": null, "author": "b5d437fb-9ac0-4ab6-97a0-a4f45e837146", "likes": ["b5d437fb-9ac0-4ab6-97a0-a4f45e837146"], "tags": [1, 2, 3]}}, {"model": "api.post", "pk": "d00d23fa-6faf-47ea-a951-874ce310664a", "fields": {"created_at": "2024-09-05T11:39:57.561Z", "updated_at": null, "title": "Quick Jollof Rice", "short_description": "Excited to make Jollof Rice with ME? Take a table spoon of Salt and Follow me", "content": "Ingredients:\r\n\r\n2 cups long-grain rice (parboiled)\r\n1/4 cup vegetable oil\r\n1 medium onion (chopped)\r\n3 cloves garlic (minced)\r\n1 tablespoon ginger (minced)\r\n1 red bell pepper (chopped)\r\n1 can of tomato paste (6 oz)\r\n2 fresh tomatoes (blended)\r\n1 teaspoon thyme\r\n1 teaspoon curry powder\r\n1 teaspoon smoked paprika (optional)\r\n2 bay leaves\r\n1 scotch bonnet pepper (optional, for heat)\r\n4 cups chicken stock or water\r\nSalt and pepper (to taste)\r\n1 cup mixed vegetables (optional: peas, carrots)\r\nProtein of choice (optional: chicken, shrimp)\r\nInstructions:\r\n\r\nPrepare Rice: Rinse the rice until the water runs clear. Set aside.\r\n\r\nMake Sauce: Heat the vegetable oil in a large pot. Add the onions and saut until soft. Stir in the garlic, ginger, and red bell pepper, cooking until fragrant.\r\n\r\nTomato Base: Add the tomato paste and blended fresh tomatoes. Cook for 5-10 minutes, stirring frequently to reduce the acidity.\r\n\r\nSpices: Add thyme, curry powder, smoked paprika, bay leaves, and scotch bonnet (if using). Stir well and season with salt and pepper.\r\n\r\nSimmer Rice: Add the rinsed rice to the pot and stir it into the sauce. Pour in the chicken stock or water, ensuring it covers the rice by about an inch.\r\n\r\nCook: Cover the pot and cook on medium heat for about 20-30 minutes, or until the rice is cooked and the liquid is absorbed. Stir occasionally to prevent sticking.\r\n\r\nAdd Vegetables: In the last 5 minutes, stir in mixed vegetables and allow them to cook.\r\n\r\nServe: Fluff the rice, and serve with your choice of protein.\r\n\r\nEnjoy your flavorful jollof rice!", "thumbnail": {"image": "https://img.freepik.com/free-photo/front-view-minced-vegetables-rice-colored-bright-surface_140725-14450.jpg?ga=GA1.1.477482068.1713011311&semt=ais_hybrid"}, "video": null, "author": "98324e9b-4bab-4eb8-b848-b8bddd27c0e7", "likes": ["7d93f6dd-680d-4bbb-88f4-3dabb7882bd6", "98324e9b-4bab-4eb8-b848-b8bddd27c0e7", "b5d437fb-9ac0-4ab6-97a0-a4f45e837146", "f1520c32-22ea-4c57-b321-b252e7332d92"], "tags": []}}, {"model": "api.post", "pk": "e0ece730-a9f4-4444-952f-beaee5ae6bae", "fields": {"created_at": "2024-09-07T10:49:19.759Z", "updated_at": null, "title": "How to make Tomato Recipe", "short_description": "Grind Tomato, Garlic, Pepper and as many other things as you can. Wait for a moment and then give it a shot!", "content": "Grind Tomato, Garlic, Pepper and as many other things as you can. Wait for a moment and then give it a shot!\r\nGrind Tomato, Garlic, Pepper and as many other things as you can. Wait for a moment and then give it a shot!\r\nGrind Tomato, Garlic, Pepper and as many other things as you can. Wait for a moment and then give it a shot!", "thumbnail": {"image": "https://img.freepik.com/free-photo/kitchen-cooking-book-food_114579-8638.jpg?ga=GA1.1.477482068.1713011311&semt=ais_hybrid"}, "video": null, "author": "98324e9b-4bab-4eb8-b848-b8bddd27c0e7", "likes": ["b5d437fb-9ac0-4ab6-97a0-a4f45e837146"], "tags": []}}, {"model": "api.post", "pk": "f6726244-00a9-42de-8b57-54ca8b4ca6c7", "fields": {"created_at": "2024-09-16T03:13:40.815Z", "updated_at": null, "title": "The ultimate way to make pasta", "short_description": "You have been making Pasta the Wrong way! Watch me today as I give a step by step guide to making your own pasta to the very best it can be.", "content": "You have been making Pasta the Wrong way! Watch me today as I give a step by step guide to making your own pasta to the very best it can be.You have been making Pasta the Wrong way! Watch me today as I give a step by step guide to making your own pasta to the very best it can be.You have been making Pasta the Wrong way! Watch me today as I give a step by step guide to making your own pasta to the very best it can be.You have been making Pasta the Wrong way! Watch me today as I give a step by step guide to making your own pasta to the very best it can be.\n\nYou have been making Pasta the Wrong way! Watch me today as I give a step by step guide to making your own pasta to the very best it can be.\n\nYou have been making Pasta the Wrong way! Watch me today as I give a step by step guide to making your own pasta to the very best it can be.You have been making Pasta the Wrong way! Watch me today as I give a step by step guide to making your own pasta to the very best it can be.\n\nYou have been making Pasta the Wrong way! Watch me today as I give a step by step guide to making your own pasta to the very best it can be.You have been making Pasta the Wrong way! Watch me today as I give a step by step guide to making your own pasta to the very best it can be.You have been making Pasta the Wrong way! Watch me today as I give a step by step guide to making your own pasta to the very best it can be.You have been making Pasta the Wrong way! Watch me today as I give a step by step guide to making your own pasta to the very best it can be.You have been making Pasta the Wrong way! Watch me today as I give a step by step guide to making your own pasta to the very best it can be.You have been making Pasta the Wrong way! Watch me today as I give a step by step guide to making your own pasta to the very best it can be.", "thumbnail": {"image": null}, "video": "https://utfs.io/f/562d9476-0370-4fe8-9fe7-afb8f8067f5d-sx063v.mp4", "author": "c474e7ab-e868-4608-8007-105a15e18acf", "likes": ["c474e7ab-e868-4608-8007-105a15e18acf"], "tags": [13, 25, 27, 28]}}, {"model": "api.post", "pk": "fc67a282-465b-49c5-ad58-e818fe86ce00", "fields": {"created_at": "2024-09-05T14:46:14.813Z", "updated_at": null, "title": "French Fries Recipes", "short_description": "French fries are a classic favorite! Heres a simple recipe for making them at home:", "content": "Ingredients:\r\n4 large potatoes (Russet potatoes work best)\r\n2-3 tablespoons vegetable oil (for frying or baking)\r\nSalt (to taste)\r\nOptional: other seasonings like paprika, garlic powder, or pepper\r\nInstructions:\r\n1. Prep the Potatoes:\r\nPeel the potatoes (if you prefer them skinless) or leave the skin on for a more rustic feel.\r\nCut the potatoes into thin, even strips. Aim for about 1/4 inch thick for classic fries.\r\n2. Soak the Potatoes:\r\nPlace the potato strips in a large bowl of cold water. Soak for at least 30 minutes to remove excess starch, which helps the fries become crispier.\r\n3. Dry the Potatoes:\r\nDrain the water and pat the potato strips dry with a clean towel. The potatoes should be as dry as possible to prevent splattering when frying.\r\n4. Preheat the Oil (for Frying):\r\nHeat about 2 inches of vegetable oil in a deep fryer or a heavy-bottomed pot to 350F (175C).\r\n5. Fry the Potatoes:\r\nFry the potato strips in batches to avoid overcrowding. Fry for about 3-5 minutes per batch, or until golden brown and crispy.\r\nRemove with a slotted spoon and drain on paper towels.\r\n6. Season the Fries:\r\nWhile still hot, sprinkle with salt and any other desired seasonings.\r\n7. Bake Option (Healthier Version):\r\nPreheat your oven to 425F (220C).\r\nToss the potato strips in a bowl with 2-3 tablespoons of vegetable oil. Spread them in a single layer on a baking sheet.\r\nBake for about 20-30 minutes, flipping halfway through, until crispy and golden brown.\r\nEnjoy your homemade French fries!", "thumbnail": {"image": "https://img.freepik.com/free-photo/crispy-french-fries-with-ketchup-mayonnaise_1150-26590.jpg?ga=GA1.1.477482068.1713011311&semt=ais_hybrid"}, "video": null, "author": "98324e9b-4bab-4eb8-b848-b8bddd27c0e7", "likes": ["98324e9b-4bab-4eb8-b848-b8bddd27c0e7", "b5d437fb-9ac0-4ab6-97a0-a4f45e837146", "c474e7ab-e868-4608-8007-105a15e18acf"], "tags": []}}]